trial,prauc,recall,precision,accuracy,ROC-AUC,F1,F2,max_depth,min_child_weight,subsample,learning_rate,colsample_bytree,gamma,reg_alpha,reg_lambda,scale_pos_weight,n_estimators,best_trial
0,0.6462982908557536,0.5460856563067393,0.611676037803565,0.6227288741255221,0.6679492525990092,0.577022909378174,0.5580537425509157,8,0.1256705483597,0.3577597640039949,0.008425707455935702,0.6056458409091079,6.209778001435778,0.007179270155553822,0.0015675832298598848,1.1652873184121413,990,False
1,0.6466502970302097,0.3795791947025526,0.671960673095103,0.6203130504806482,0.6681052184641382,0.4851214851214851,0.4157600430499988,7,3.619513751916327,0.7037719022187447,0.014852595532916058,0.5621027949725219,3.7223489146031143,6.020277924786107,1.6861489665733853,0.8123871990922331,446,False
2,0.6464067249049374,0.40296913382462884,0.6646115906288532,0.6228295334440586,0.6684188784043474,0.5017287234042553,0.43740870412019756,6,14.448419042126734,0.35160178727711094,0.03970526141982069,0.76469984344127,1.7608512189022762,0.2514913272389672,0.02870237122095543,0.8237914873724497,122,False
3,0.6436094770967253,0.4868097831891488,0.6349958205628309,0.6263022799335648,0.6659084552143236,0.5511154101928541,0.5106430652027784,9,0.5023643285375574,0.3520101445351689,0.016482039344027845,0.8600910742680137,0.6942283016368345,0.18925623672781058,2.466403732213474,0.9865710388922346,197,False
4,0.642132478038209,0.43415571932073055,0.6529071635078703,0.6245910715184458,0.6669006205473307,0.52152158573353,0.46533724071615,6,88.66771560512123,0.20925163969705043,0.07320580523812316,0.41217439376992965,0.2741881234213728,3.0156844634870774,0.04643904007915521,0.8820277525449253,196,False
5,0.6454397463056553,0.4700416533162448,0.6458761373642501,0.6288187628969751,0.6669705571376809,0.5441058292637696,0.4971083901865992,6,25.39966661719706,0.6178586307745744,0.06683074559224111,0.9527851042780973,9.997863857593005,5.362410354548986,0.0016222653635832784,0.9057134483528493,233,False
6,0.6450629208729899,0.5150058741856243,0.627619419497592,0.6274598620967337,0.666993389840919,0.5657632289100082,0.5341752520217127,11,2.628930839441967,0.9141212541920938,0.057351145210264985,0.44823040591812974,9.979022575973481,9.458806962653831,6.412098615680519,1.068236893184511,311,False
7,0.6448119999859148,0.535832532308021,0.6173249661621755,0.6247420604962505,0.6668743009263673,0.5736992567181246,0.550363105816275,8,83.87031431176855,0.9623617773598028,0.037520259893252965,0.28614639214095794,7.196222791471632,0.05325987895013719,0.024572286519874732,1.1664010497783361,353,False
8,0.6460097921020668,0.5406386841824201,0.6144695314396699,0.6236851376516181,0.66825927313238,0.5751945912164081,0.5539505362223681,6,15.39049644837938,0.6682726530579233,0.05395307161492865,0.888265558456921,1.7289746795819283,0.5754663562810372,1.1897639465496506,1.1163163472211526,121,False
9,0.6457382530953881,0.4579728719427534,0.6496969696969697,0.6282148069857567,0.6677479212226601,0.5372423729875336,0.48669753927176973,9,39.72141004742369,0.4747840287671421,0.009791150087562837,0.4459575649781569,0.702275340995917,0.006702754686346603,0.013734442042562616,0.9241433313201097,827,False
10,0.6455632537313216,0.4726049343159244,0.6431686046511628,0.6279128290301474,0.6670653545364769,0.5448500892692236,0.49907516015519265,7,0.27485664458113834,0.780859007028613,0.03272844313572291,0.4593357089575871,9.319778722876082,0.008350998296315389,0.01523147662954696,0.955709440152639,413,False
11,0.644599954329504,0.4789063334401367,0.6406629518502643,0.6278624993708792,0.6666246559159402,0.5480992543698814,0.5043756045983218,10,0.16204631789625076,0.2985226403058418,0.15425016726086438,0.3943724093620752,7.1205108998700775,0.4007926376307699,8.29708993254185,0.9755538133925492,149,False
12,0.6429181464027759,0.4079888924490014,0.6630793265058149,0.6233328300367407,0.6648403808006935,0.5051573657762497,0.44199662138708257,11,3.591935297381429,0.9945096386901502,0.011231710723967739,0.21030677246090923,3.310206523071421,0.029516088270056685,0.027533231333541082,0.8806100642969948,2524,False
13,0.6461365841607057,0.5255794083093026,0.6217308907138345,0.6257486536816146,0.6678455650849052,0.5696261141335803,0.5423545749112791,6,88.07490936570903,0.9073163436712661,0.03062541706343361,0.7877125846473085,7.831453131117567,1.805954949599292,0.439078808100743,1.1005949483676194,323,False
14,0.6452475228671389,0.5232297340595963,0.6204407294832827,0.6244904121999094,0.667404927460014,0.5677038067095429,0.5401561259592484,9,2.3239661949866814,0.3696944226599729,0.009926360309907956,0.9229245265739656,2.466091446774162,0.004754972484732769,0.24795583868441035,1.0687399318526027,376,False
15,0.6437270543388396,0.4808287941898964,0.6412191995442245,0.6285671146006342,0.6660527658282226,0.549560546875,0.5061497987543003,11,2.821214198220084,0.30716023553789606,0.01894876056174744,0.36656542287771465,0.4734528787996073,1.518745814375497,3.103577181886406,0.9965516676495264,469,False
16,0.6468060588889379,0.5738545338032682,0.6049313217743751,0.6225778851477175,0.668699519368547,0.5889832830912579,0.5798118012690465,9,2.459789408518606,0.5306726265639413,0.00753740339014205,0.9065887154410415,7.124522874636386,0.1915433278760555,0.007577392967773143,1.1928085032947766,937,False
17,0.6443151768012649,0.37188935170351384,0.6725903032644389,0.6187025013840657,0.6664067642218819,0.4789546079779917,0.40840742217739096,11,6.100002706335305,0.2765730394008644,0.06378949546274526,0.2936833605618354,7.645860970568993,0.2569385344249475,0.0207556594536747,0.825227933174902,255,False
18,0.6460080261436667,0.5535618925558048,0.6133727810650887,0.6251950274296643,0.6681324784346339,0.5819345421882894,0.5645723497886802,6,0.6964501974281939,0.4597894965536231,0.08153906792248689,0.735270714779942,7.677432208022585,0.014263292348892448,1.8724285238249045,1.1496940814773158,138,False
19,0.6439269669634407,0.5284630994339421,0.6211398443384384,0.6258996426594192,0.6660678876652959,0.5710658433839229,0.5447179532344004,12,28.53138816745212,0.37360258589802814,0.1629029384245674,0.26873869806185624,5.3647582690003235,0.28599823836669547,0.003054289099619075,1.1350374097475842,273,False
20,0.6341717140131873,0.497703727437787,0.6227448884137378,0.621218984347476,0.6584231407800436,0.5532470616170011,0.518526760876822,8,0.6983608249097952,0.22234800167605595,0.10640954792502653,0.9283692594023045,0.6264173649417693,0.010620275588014939,0.02483485375632497,1.0296344008710536,24,False
21,0.646296116423486,0.493752002563281,0.6351147135595548,0.6277618400523428,0.6680582670661394,0.5555822617473861,0.5167557175113456,12,11.276902775281599,0.5989924491214509,0.08033440941269328,0.838113409718612,3.485046800053323,0.0018366890191412585,0.37236484331227515,0.9815324010788957,86,False
22,0.6453612548055891,0.4786927266901634,0.6397373679703111,0.627308873118929,0.6668361329012971,0.5476205021687336,0.5040712582662288,11,0.9957417923233381,0.5684185555705127,0.005270348180709385,0.31861655336086064,4.342975870920722,0.01717738558920458,0.0020405191611827015,0.9886856400416925,2575,False
23,0.6465407700116423,0.38075403182740575,0.6702387666854672,0.6199104132065026,0.6677414048545498,0.48562866094537527,0.4167543428958874,11,5.045402870497224,0.27994897480255604,0.016835443410212515,0.9044908529426852,6.5739628989594445,0.005999203862508863,0.0013500513310364547,0.8136918786888327,451,False
24,0.6467967465616287,0.5674463313040692,0.6076861489191353,0.6235341486738135,0.6683839329825393,0.5868772782503038,0.575062236172746,6,5.008392800533906,0.4503763760157495,0.10177177938323122,0.6935791182925193,5.91970555390803,0.06208119635627872,6.006178204904693,1.172373790782303,281,False
25,0.6417284474362346,0.39666773470041655,0.6602666666666667,0.619507775932357,0.6641333091139958,0.4955964771817454,0.43108851591336445,11,0.3822926918936626,0.24192754552322615,0.007933822750861243,0.8346167646579445,1.4877698466720235,0.002665054113770376,0.03975470259399415,0.8209012827242708,439,False
26,0.6443083182979934,0.5085976716864253,0.6286468646864687,0.6268559061855151,0.6663578863780845,0.5622859841775889,0.528793834810225,8,6.503526792747314,0.48187169517807676,0.06498453605941469,0.26501410355580685,7.987310005198244,0.0028936997654684564,0.001560671832216623,1.0890107352809892,352,False
27,0.6456256154109825,0.5239773576845028,0.6221940393151554,0.6257486536816146,0.6677503559655034,0.5688775510204082,0.5410591790369896,6,0.17770709818611902,0.6926777206742964,0.036858374917907284,0.5673682824302859,1.6984850652581251,0.0130505013916924,0.25847160218401294,1.0868379990817914,166,False
28,0.6456470213177452,0.5442699989319663,0.6143459915611814,0.6242387639035684,0.6673348180486685,0.5771888096047118,0.5569764137539074,7,0.2578178512546148,0.8973753732086274,0.07010023409341014,0.4816247802856702,8.179798007706388,2.2585076052836675,2.7569263974015423,1.182218047128745,145,False
29,0.6446010704791401,0.3690056605788743,0.6716562986003111,0.6176455785394332,0.6660506004828131,0.4763217756944923,0.40555451216076627,8,25.34138641397398,0.9357106136385409,0.010005194644062302,0.2906011025743646,8.662504478328417,0.3142346268642368,0.4815046367751955,0.8220568931753248,1570,False
30,0.6438209057390649,0.45508918081811384,0.6479622871046229,0.6267049172077105,0.6656820342958588,0.5346634042286216,0.48389661124738803,8,0.7048991540867624,0.4489339710574676,0.005150663011175128,0.27027252302390475,0.4073986979876032,0.03962461776738777,4.860570307730717,0.941213449896971,1729,False
31,0.6467928994100498,0.3854533803268183,0.6693249258160238,0.6206653580955257,0.6684019724446479,0.4891901050491359,0.42117916160956026,7,6.261068785487773,0.43782882239772597,0.007785225023361487,0.9726957131221592,6.048727218825007,0.0011506327503587497,0.3756577168873153,0.8149865181266865,1047,False
32,0.6461184243838513,0.515112677560611,0.6281583745767126,0.627812169711611,0.6679474125637083,0.5660465935097706,0.5343452249058276,6,0.10692593536680617,0.37394569317743065,0.06313766117686768,0.9919075075072021,7.33158907861336,5.884989546338646,0.8137776353124441,1.060230811080803,474,False
33,0.6469495917186424,0.5121221830609848,0.6263061650992685,0.6261009612964921,0.6683031137524666,0.5634878665021447,0.5315021725636251,9,2.3171319547636418,0.9643053269698525,0.0159900846887137,0.637539732587929,3.4089341101605,0.03649556871811977,0.14648708024368975,1.0547416424503773,504,False
34,0.6467494026689856,0.37797714407775285,0.6696310312204352,0.6190044793396748,0.6685114189642659,0.483205898416166,0.41404403678311535,8,5.359526378949831,0.5653038108317492,0.019492364059935166,0.7069417671060072,3.1771588258692853,0.0010923201292620784,0.18616494202231973,0.804501941821873,320,False
35,0.6469952741704103,0.3795791947025526,0.6718336483931947,0.62026272082138,0.6688458021749788,0.48508837780659253,0.41575031584857985,8,5.729535952555717,0.5530102884294676,0.011877319219225538,0.658746791689166,3.1703615385795416,0.0012031475016042227,0.14783653743656539,0.807565885326964,443,False
36,0.6468279407852385,0.48243084481469617,0.6402551381998582,0.6283657959635613,0.6687446713950084,0.550249725910586,0.50744826656481,8,5.233943136861877,0.5552614213082333,0.011191636006188726,0.6649156701994002,3.1848005411386335,0.0035694339789740974,0.1792655019620997,0.9660105475784829,561,False
37,0.646859331059988,0.4815764178148029,0.6398467432950191,0.6279631586894157,0.6688415833095095,0.5495429616087751,0.5066405986651386,9,5.990576301652728,0.5339852688942319,0.013213139241375052,0.6539947714511947,3.2375557257356604,0.002325974169258807,0.21885060958063504,0.9681910339687785,463,False
38,0.6467953545304141,0.3735982057033002,0.6719170188244333,0.6188534903618702,0.6686940145115553,0.4801976800054911,0.4100051572975761,9,5.6981769878987,0.490420303648609,0.015294169689014031,0.6423648204813296,3.253016323853004,0.0012247647766379331,0.2030591474592476,0.8010533517622187,443,False
39,0.6468462080780271,0.3800064082024992,0.6701827086080241,0.6197090945694298,0.6684822071331195,0.4850054525627045,0.4160333013727462,8,3.2052261919084617,0.47088792603912394,0.011543560878330136,0.6534414113106484,4.5474837198910105,0.051540902682457715,0.15004316986106866,0.8153628251586916,445,False
40,0.646699982825456,0.36676278970415466,0.6745236692201925,0.6181992047913836,0.6684583070060879,0.47516258475162587,0.40359166020261855,8,3.0478636784959976,0.4879346127213213,0.013830294494693392,0.6630821679164913,4.85688599537798,0.06886317579587962,0.09667048699112042,0.8012731809393182,443,False
41,0.6465927506364457,0.43832105094520984,0.655591054313099,0.6268055765262469,0.6683582334839702,0.5253792485438136,0.4694363103953148,9,2.680483690894524,0.4855733361188364,0.013587911116971425,0.6341954711144745,5.422558583572331,0.0010927493151320976,0.005365752352650285,0.8812703852105317,445,False
42,0.6466992186539802,0.5064616041866923,0.6336183858898985,0.6294227188081937,0.6685770146978562,0.5629488929779782,0.5276393092398077,9,2.43588952783316,0.4906688077218435,0.015326777604695942,0.6554933556919903,5.383948467729918,0.06777246967260638,0.11578659988721512,1.0309275405231666,666,False
43,0.6470058428334808,0.5094520986863185,0.632877802839326,0.6295737077859983,0.6688244130353468,0.5644970414201184,0.5301295872324346,10,2.0140190979972465,0.488952624314835,0.005111275814355401,0.6454817455066565,5.527984764790118,0.05174207295953162,0.08751764210436871,1.0355207331772809,2055,False
44,0.6468472059016277,0.42678628644665173,0.6600594648166501,0.6263022799335648,0.6685290212909163,0.5183887915936952,0.45924700041373606,9,2.0051526576036345,0.47044925189202813,0.005576454223254279,0.640686805578306,5.2069619165911725,0.07916173771947464,0.005471130408828339,0.8630735431630192,1302,False
45,0.6468416096583189,0.43330129232083736,0.6576430539795753,0.6266545875484423,0.6686664292309512,0.522405356682977,0.46502831205153483,9,2.4736090229131444,0.5107514649409549,0.011427579558377568,0.6713457399591216,5.43888014896001,0.054788396560565604,0.17914898709287916,0.8729486949136395,607,False
46,0.6469783888979912,0.4564776246929403,0.6515243902439024,0.6288187628969751,0.6686058910529534,0.5368335112730013,0.48554939561937654,7,1.8893061632387076,0.512395734442034,0.005364526596198085,0.6492473403826781,4.364273013663505,0.033837501810676796,0.10530808015676765,0.9055560185225806,1302,False
47,0.6471711706258738,0.43682580369539675,0.6574505706478058,0.6273592027781972,0.668830380442649,0.5248973305954825,0.46825269617383736,7,2.0270878630684415,0.5263615114625957,0.005130302882541374,0.6345244965490692,4.629232472015758,0.001051817443997471,4.73941923464754,0.8732097023482548,1715,False
48,0.6469463351511251,0.4296699775712913,0.6597244998360118,0.6268055765262469,0.6687463335263439,0.520406183299916,0.4618828932261768,7,1.4506547292732699,0.5057237457459243,0.00603542224862486,0.6498772429577093,4.706855892439386,0.04313496360092624,0.10801263054835955,0.8668017823029506,1302,False
49,0.6468785558071474,0.44323400619459574,0.655608214849921,0.6279128290301474,0.6686201335361397,0.5288982348817944,0.47393906171486,9,1.3069283053102079,0.5131489286164973,0.005604284273678352,0.6901933767228104,5.02802644117613,0.034091536363200975,0.08954130361906615,0.8848954502595977,1302,False
50,0.6470400037889286,0.46694435544163193,0.6468412487054298,0.6286677739191706,0.6686433017154273,0.5423644709093165,0.4944470833050598,9,2.0005056199106965,0.7990921936861793,0.005254907342228106,0.6389876268065707,4.610916364632304,0.04501627967559217,0.08820251933976382,0.9240459412764523,1712,False
51,0.6471950018091517,0.46032254619245966,0.6500754147812972,0.6289194222155116,0.6687932595094904,0.538985806290252,0.4888616668935166,9,1.4212414860593625,0.7899514104437961,0.005745469929801644,0.6521657337518272,4.526675141082626,0.032291727518674804,0.08819122258286542,0.9106424243491295,1713,False
52,0.6467942199925291,0.424863825696892,0.6604682052133488,0.6260506316372239,0.6682860095569196,0.517093461588457,0.45750431282346177,9,1.2098391743697412,0.8511588913898253,0.005505725661863218,0.6134663908573791,4.438294740693993,0.025179866014212342,0.10250478751129473,0.8611824232629866,1715,False
53,0.6469330848609574,0.42432980882195875,0.6609549159873566,0.6261512909557603,0.6684022316761407,0.5168466241706777,0.4570554264546856,10,1.4365917844285923,0.7606227542289907,0.005710785850566912,0.5748461667652307,4.348481325865641,0.02822531343077758,0.07807509854406897,0.8606098277908282,1612,False
54,0.6468829526473849,0.4179216063227598,0.6617622188398444,0.6250440384518596,0.6682120828347702,0.5123068866195339,0.45117029862792574,10,1.4426041652704125,0.7812480279876861,0.005110991954910928,0.56775186423363,4.291454025715929,0.03375718698808394,0.08110461705699064,0.8544057459166574,1715,False
55,0.6468259022661715,0.414503898323187,0.6627390710382514,0.6246917308369823,0.6683385268075557,0.5100203692752481,0.44806964071303224,10,1.1638250655805886,0.8187220910167383,0.005900593989008186,0.5545057552833796,4.116765003415869,0.03606870837583489,0.09050789911136335,0.8485750393671648,1422,False
56,0.646874931802317,0.41375627469828047,0.6631290653885655,0.6246917308369823,0.6683121614398583,0.5095692206511017,0.4474061070818127,10,1.6410501797396428,0.7599956781363331,0.006171820685888327,0.5644818411376389,4.732362534821254,0.02634675199213423,0.08862835368038263,0.8490911202481876,1612,False
57,0.6468224291728513,0.4092705329488412,0.6635497835497836,0.6238361266294227,0.6683018125120327,0.5062755978332673,0.4432414925856525,10,1.4387898721705104,0.7664241284051211,0.00501007879560475,0.5611535066618789,4.31481385917502,0.025242806248931098,0.08641420564792059,0.8448070524940411,1714,False
58,0.6469428744799282,0.4141834881982271,0.663586584531143,0.6249937087925915,0.6683730808406396,0.5100282764516341,0.44784737620103476,10,1.1713124267225916,0.8120795220151772,0.005104264878227197,0.5597550865166856,4.258133755845443,0.025879087455581675,0.08946285732476512,0.8485110751733639,2008,False
59,0.6473270420524064,0.40916372957385455,0.6640665626625065,0.6240374452664955,0.6685637328960841,0.5063441712926249,0.443187339487749,10,10.351767364116672,0.7745071203346845,0.006007262572009164,0.5438173757415428,4.235555134896182,0.03425798725964052,0.0919477099528206,0.8435620988071575,1333,False
60,0.64691738636747,0.4101249599487344,0.6630979105508548,0.6238361266294227,0.6686113501632112,0.506796885310809,0.4440024975140485,10,1.4468283721892077,0.7725111356447025,0.02364697381156392,0.5725192972306822,4.117241716920089,0.02296340543619842,0.07446198353174838,0.8472960371543793,438,False
61,0.6468535244634583,0.41866922994766637,0.6621621621621622,0.6253963460667371,0.6685090401340976,0.5129882876398613,0.45190445448676564,10,1.225235092199398,0.7893949757535698,0.021197396898412966,0.5273348045066458,4.323753625527321,0.02281943104266485,0.05833394059799327,0.8550239790386063,419,False
62,0.6468644890115658,0.46181779344227275,0.6480815347721822,0.6282148069857567,0.6684019775276183,0.5393202369816027,0.48998277581361616,10,1.6418946102571828,0.7679538588835132,0.005282252004734495,0.5755072856007917,3.903579115065172,0.024473170598735498,0.05366877279168047,0.919781170190753,1712,False
63,0.6467539995631066,0.4132222578233472,0.6627269612881124,0.624389752881373,0.6682764789873357,0.5090454575356884,0.44686994686994685,10,1.4607263119352691,0.7696449654692739,0.005331332008215157,0.5782688180775647,4.2393885913281135,0.020140549500534403,0.08039740477719058,0.8482976905822179,1712,False
64,0.6461954898327061,0.41546512869806684,0.6605535744608593,0.6239367859479591,0.6678860661934096,0.5100970364542355,0.4487667566507464,10,1.4288483325619246,0.787569478483759,0.006384499564672361,0.5781106731793904,2.422740380568321,0.01826374447415273,0.08100378052500856,0.8489511347818343,1001,False
65,0.6468747325164838,0.4172807860728399,0.6617547425474255,0.6248930494740551,0.6682441462123361,0.5118228859631886,0.4505720084878679,10,1.5899861885294055,0.7872692918473275,0.006014663091716165,0.5757171151250488,4.2278443526922285,0.02787952077481488,0.07273986204820108,0.8533077266795642,1333,False
66,0.6469218524316356,0.42347538182206557,0.6611639152909788,0.6260506316372239,0.668313300025238,0.5162760416666666,0.45628207783838526,10,1.1496774944838213,0.7974932161054443,0.0054652675351143185,0.5261304882985879,4.054017168720692,0.02432038234574539,0.07304139859394065,0.8604693561709198,1331,False
67,0.6469533302665841,0.40873651607390793,0.6646405001736714,0.6241884342443001,0.6685358324713124,0.5061834534752992,0.4428373061791252,10,1.441868155014406,0.7929052285671642,0.02505128884478731,0.5307123449766981,3.930159472049863,0.024946155732765856,0.10623919487865979,0.8430905967452228,413,False
68,0.6469504210617468,0.4135426679483072,0.663923182441701,0.6249937087925915,0.6685609779261029,0.509641329384666,0.4472784400702338,10,1.4881599926992495,0.7916853518124404,0.024147170428706594,0.5323919254260938,4.303138118870696,0.021457225820236143,0.07213542493831007,0.8494649339608871,413,False
69,0.6471388099102288,0.4560504111929937,0.6502208009745698,0.6280638180079521,0.6688081729447756,0.5360954174513497,0.48501783320838726,10,1.6337136246468456,0.7902984598499169,0.02465674564893113,0.5853156024130984,4.037437646474994,0.10752528998408133,0.07027943629736261,0.9079957803264416,419,False
70,0.6468648158690498,0.45946811919256647,0.6506352087114338,0.629020081534048,0.6683406209913789,0.5385915492957747,0.4881535947712418,10,1.6307315951396248,0.6444071334824729,0.0052734802859463695,0.5947169182487533,4.074869797305796,0.02696165167788664,0.07197512068242763,0.912130643198623,1612,False
71,0.6471839878387624,0.46096336644237956,0.649706457925636,0.6288690925562433,0.6688191318290546,0.539297763338748,0.48939789091733754,10,1.5666838482389913,0.804030449075128,0.02508246912346969,0.5745200472374498,3.998310935007412,0.1297567894782864,0.06068413297502282,0.9144338317740233,419,False
72,0.6462142445277933,0.46042934956744636,0.6485632616217842,0.6281644773264885,0.6680799256032047,0.5385384134915677,0.4887865938003129,10,1.7312516052923599,0.7778282530340928,0.023775627628086382,0.5864989923435836,2.3493782832495653,0.12115610827419993,0.062379025789228805,0.9161706992604581,316,False
73,0.6461776284768994,0.46395386094200575,0.6479713603818615,0.6286174442599024,0.6685833938257647,0.5407356693844526,0.4918923815563004,7,1.6828331060609862,0.4108660353796266,0.025360350953333614,0.5897005278762716,2.7488207205914392,0.10723005001762255,0.04274090006816104,0.9238133411305975,236,False
74,0.6461113314221592,0.45765246181779345,0.650820170109356,0.6287181035784388,0.6681412313097398,0.5374051545745281,0.48653374511763103,7,1.711195655602472,0.4132015350629007,0.006712145199214547,0.6007754097428228,2.463972738501541,0.11521602720647209,0.04565364205687201,0.9145483425554192,918,False
75,0.6469364745583479,0.4656627149417922,0.6490026793688598,0.6295233781267301,0.6684307369743951,0.5422548348983273,0.49354765678062035,10,1.8572028433111647,0.6384843064651647,0.006654510898721749,0.510436686968146,3.8261097046707517,0.11307035512324667,0.04012235243590178,0.9264356242499558,1465,False
76,0.6461411567656332,0.4632062373170992,0.6479904377708053,0.6284664552820978,0.6681361229244428,0.5402341803687095,0.491222108959112,10,0.8282377113679121,0.8447618028458095,0.02600554114336691,0.51730676128656,2.5653066897917625,0.13559860002945606,0.04484654360411674,0.9201542215503224,383,False
77,0.6462567911666165,0.46042934956744636,0.6472001201020868,0.6274598620967337,0.6680421743817111,0.5380678981527709,0.4886314691814204,10,1.7630807640500092,0.6241181867205299,0.006628802534951697,0.5958119984101721,2.3744607463497784,0.17398767521176806,0.04438580689304147,0.9203089356992243,996,False
78,0.6464009382770093,0.4492149951938481,0.6532070197235595,0.6280638180079521,0.6681866984803687,0.5323376787748386,0.47914150964890295,7,0.8167490823634003,0.6415052160438109,0.00508222539984551,0.5964578869648859,2.7117558082345075,0.17000021686877398,0.04600285144465574,0.8936710519029003,1465,False
79,0.6470454252922417,0.4579728719427534,0.649106872540115,0.6279128290301474,0.6686662716588675,0.5370405159997496,0.48663125879522445,7,9.52690083353498,0.4077336284842075,0.006944774762946299,0.5935048565585178,3.7849271597225873,0.13897595681479802,0.042138261136748505,0.9158748829430282,1047,False
80,0.6470155939211526,0.4676919790665385,0.6465377233131552,0.6286677739191706,0.6687920853433178,0.5427615270203272,0.49508196721311476,7,11.313131861053476,0.6283540991660036,0.006606940029650036,0.7672961471151,2.6865035470300467,0.1197893982484394,0.01618387062467794,0.9276476687749305,869,False
81,0.6468650104842395,0.4657695183167788,0.6465530022238696,0.6282651366450249,0.6685494853299272,0.5414700769803824,0.49335927777903477,7,9.308494781401311,0.6537781639219623,0.006691856578540028,0.7695262799873206,2.613207079147886,0.13401608978974408,0.037378603884540125,0.9224014921020379,872,False
82,0.6471534848324607,0.46213820356723273,0.6504810583283223,0.6295233781267301,0.6689136496644761,0.5403684046206682,0.4905450752766189,7,10.321932575775913,0.6209913592168812,0.006882165328451869,0.7570779181857654,2.8003530989164327,0.11210137731790037,0.014677058302519058,0.9123260735035883,869,False
83,0.6454255240078925,0.46801238919149846,0.6442222875624817,0.6275101917560019,0.6676960545922412,0.5421589854624188,0.4950964884530212,10,0.6323544892561669,0.659681613737652,0.006847264185508166,0.7622495633133051,2.718492067315257,0.1181637947724198,0.043838587552071775,0.9329260875899594,786,False
84,0.6473676706349816,0.45551639431806046,0.6503507166819152,0.6280134883486839,0.6690360425098171,0.5357703661830288,0.4845489661440582,7,10.386037029354144,0.6361566334143182,0.006939228667999983,0.7426772338206,2.807730413677086,0.11355115210926345,0.03502925364810422,0.9057160136881273,829,False
85,0.6465704911251948,0.4551959841931005,0.6488049931496422,0.6271578841411244,0.6682642646093568,0.5350238513683153,0.4840871402285273,10,9.064634116969955,0.635682757613583,0.007128694257750881,0.7672655336377963,2.5685977397000594,0.10127329426653613,0.03891371266724554,0.9030069027060368,831,False
86,0.646593946326166,0.4528463099433942,0.6518063028439662,0.6281644773264885,0.6679829120292948,0.5344088732039325,0.4822895102031531,10,0.8405903719109428,0.7338300346428877,0.006911205727991997,0.5977758601495481,6.500138790567568,0.0981853217227097,0.03849812824801588,0.9025023961108597,1571,False
87,0.6454297791680047,0.45679803481790027,0.6482267353743558,0.6272082138003926,0.6677146887618919,0.5359313326232692,0.4854710556186152,10,0.9684267173844753,0.8481593574436121,0.006753218508426426,0.7563066408751282,2.785469232413827,0.10105719071122088,0.03327652156320435,0.907113470156229,788,False
88,0.6465493422845582,0.4551959841931005,0.6510846318362359,0.6283154663042931,0.6683224087082751,0.5357973474134138,0.48434019728169464,11,0.936227054359211,0.7181335601436412,0.006704584395426991,0.6063729326557716,2.720069843882291,0.12534887544775533,0.04228525938365224,0.9047944099206762,1020,False
89,0.6470595298700241,0.4560504111929937,0.6505179768433882,0.6282148069857567,0.6686574018754412,0.5361963960570101,0.48505089058524176,11,4.003956798168715,0.709786737423856,0.006742882157441177,0.7604144463539163,3.717869938968763,0.12342902887184293,0.03574868132506504,0.9008896940360915,1071,False
90,0.6473494069792084,0.45615721456798036,0.651464307504576,0.6287181035784388,0.6688991225349449,0.5365914944406056,0.4852526813306671,11,8.677267515680185,0.7301892923950968,0.006728090190965887,0.7751111644333595,5.8087848287002695,0.9263341005256304,0.016833283933471773,0.8961865644422241,1605,False
91,0.6466096200754945,0.4587204955676599,0.6521409049498937,0.6296240374452665,0.6685018426479478,0.5385917612389491,0.48764703210863347,11,0.9427674828500489,0.7131786008015635,0.045045224619339526,0.7390957330523202,3.7255755370071104,0.18181489401811907,0.03443520817064758,0.90118555459891,177,False
92,0.6471869191396407,0.4802947773149632,0.6425203600514359,0.6291710705118526,0.6689012827973838,0.5496883021635497,0.5058378889113856,11,0.5270180530046594,0.7268371221543686,0.007167302763239862,0.7677153748823544,5.76885173763998,0.7060986910400436,0.014345872062846345,0.9425343130603832,1702,False
93,0.6469591294619972,0.4564776246929403,0.6511273613650214,0.6286174442599024,0.6684833152206765,0.5366986877629183,0.48550527081061434,11,0.5188888897539891,0.6634393628748361,0.00703439975390312,0.7582268187158824,6.44766788766774,0.18700544201719604,0.019362996047494852,0.8980651589035268,1189,False
94,0.647551591426839,0.4503898323187013,0.6523824257425742,0.6279128290301474,0.6691149302111208,0.5328868389461048,0.48012114035886694,11,15.120881877871073,0.6381447738579161,0.007240069551326483,0.7394438322163104,3.7174223324163482,0.5849127968857009,0.01954833232449124,0.8942203526932515,1302,False
95,0.6472494967467696,0.4558368044430204,0.6509074271770627,0.6283657959635613,0.6688431488644065,0.536180904522613,0.48490081574223454,11,8.968348640335583,0.728219821139434,0.006763357643025403,0.7616985440076354,5.805086977122321,0.4317954604348599,0.033234081791350026,0.8965240608350504,1186,False
96,0.6474237811161137,0.45701164156787355,0.6515912897822446,0.6289697518747798,0.6688726860056614,0.5372253609541745,0.48604011903950567,11,8.070232387910664,0.7212572615633448,0.006727075602251436,0.740043134083251,3.664707997598749,0.9287910815806385,0.03437669169554346,0.9016029940973047,1702,False
97,0.6475950851414252,0.45679803481790027,0.6512867367138724,0.628768433237707,0.6692058645523786,0.5369742623979912,0.48581294441036826,11,8.528323805243794,0.7265459475756408,0.007087706719520813,0.7578943984178085,3.605647124470363,0.5908728207421141,0.014317022945519276,0.899079399417522,1610,False
98,0.6469158570675795,0.4760226423154972,0.6424041510521764,0.6282148069857567,0.6683990446536716,0.5468376173240905,0.5020274836674927,11,9.4543072534194,0.6312515986092497,0.007230127547205588,0.611120700148363,5.744669738892954,0.08571730251885608,0.018655773997116997,0.9518401999997359,1605,False
99,0.6471843220195038,0.4793335469400833,0.6416011436740529,0.6284664552820978,0.6687153477385122,0.5487223376940946,0.5048709699192296,11,8.88340566615475,0.6367639487467847,0.006858810055394774,0.7785386682395229,6.384015049145079,0.1878458421388104,0.31381504709972785,0.9431056171275201,1566,False
100,0.6445123195581669,0.46972124319128483,0.6417627316503721,0.6265539282299059,0.6661143866789252,0.5424272323630982,0.4963322424105631,11,8.929984431814772,0.6480230370331319,0.00713861623434292,0.7942937309937634,1.142349297293898,0.8940059204799351,0.01552136940143905,0.9417380033307582,496,False
101,0.6468458081875635,0.46459468119192565,0.6453048509123276,0.6273592027781972,0.6682376095123441,0.5402384500745157,0.49215939175887585,7,9.62908348864857,0.610286242364699,0.007148596183881084,0.4631414046155977,2.887312323343959,0.08639003338432763,0.013948498676877811,0.9355859549710067,1623,False
102,0.6469608513944052,0.4668375520666453,0.6475555555555556,0.629020081534048,0.6684350524163029,0.5425432880283001,0.4944346409664721,11,17.512684453425656,0.7371144220503664,0.008868228011756863,0.472109366412333,2.9301765131207507,0.7108330306541042,0.01714670578219282,0.9383470962157816,1194,False
103,0.6475439317916913,0.4757022321905372,0.6438276958658572,0.6289194222155116,0.6688925146733666,0.5471408390148025,0.5019157088122606,11,18.89744263873502,0.8684253907873353,0.008784709979871548,0.5013027355023544,3.5722456692926703,0.41211056480671737,0.010130312539045509,0.9483253721081109,997,False
104,0.647106718836053,0.47410018156573747,0.6440800928612884,0.6287181035784388,0.6685192569046918,0.5461704091048908,0.5005186721991701,6,4.112695735206418,0.7246980603328048,0.008147039197969427,0.6172264439114507,3.6523801863875085,0.21000011812672184,0.01845717088488224,0.9444185122021365,1331,False
105,0.6471043548332356,0.47773149631528355,0.6428571428571429,0.6288187628969751,0.6686836554177887,0.5481281784204399,0.503602792163927,6,17.529264616092508,0.8812699476114445,0.00899899201434526,0.8102910226462626,3.6351485184146504,0.43351210553694597,0.008701015817879727,0.9365073697402365,997,False
106,0.6468990465444413,0.4704688668161914,0.6465580507852635,0.629271729830389,0.6684185835920616,0.5446340257171117,0.49757144470800857,6,18.78006070704932,0.7039533107773296,0.008842599225757532,0.4880341952762527,3.732908475901934,0.9281526536704965,0.009632393532112746,0.942806294247264,1612,False
107,0.6475815557015389,0.44814696144398164,0.6517552034793415,0.6271075544818562,0.6690272743857999,0.5311056262261882,0.4780132148553201,6,21.56047943778845,0.7350231053346952,0.009492305224828768,0.6194449644027272,2.944103729040955,0.5996389863779755,0.01186455640259671,0.8916186271092313,1045,False
108,0.6474562141492803,0.4760226423154972,0.6438890494076857,0.629020081534048,0.6689323702446244,0.5473748848633712,0.50220850047325,6,16.631146804237535,0.7167266264660483,0.008565097548357296,0.8375901547463349,3.676129910631035,0.6652760944226667,0.009054593360716868,0.9378301201059864,1186,False
109,0.6474356407456879,0.4781587098152302,0.6437095614665708,0.6293723891489255,0.6689598182850265,0.5487192057850226,0.5040871934604905,7,19.86672590223641,0.6010716323482682,0.008905220093635823,0.8053001055991343,3.575537924108162,0.3942763040486951,0.01008432509620049,0.947279668560539,926,False
110,0.6474606666921707,0.48114920431485636,0.6413724373576309,0.6287181035784388,0.6689882625876358,0.5498260816500885,0.5064529184279162,6,17.566321821742648,0.7370707091615539,0.008668668499989098,0.807513681928664,3.607066269113943,0.6626697199745404,0.02349292224440585,0.9488681071145717,998,False
111,0.647452058650761,0.47837231656520346,0.6427034007748601,0.6288690925562433,0.6690405358556903,0.5484937545922116,0.504153440940096,6,22.963757597486712,0.6034245865822926,0.009191915743212448,0.8296598882283296,3.4784881829325074,0.7120175278450166,0.010012270493840786,0.951512181348735,926,False
112,0.6475662121418054,0.47751788956531027,0.6457250144425187,0.6303286526750214,0.6693346060278051,0.5490268312150796,0.5037632954750315,12,14.816413164770893,0.5959758922084507,0.009009485099900655,0.7978931716552883,3.5340930620603177,0.6120417506324932,0.011433935607445433,0.9449618798653159,918,False
113,0.6476763495348328,0.4776246929402969,0.6447520184544406,0.6298253560823394,0.6693330963855831,0.5487453217988834,0.503739749481842,12,20.710737234228493,0.592441716136419,0.008953892723114492,0.7992243279553095,3.5536557663026542,0.6894689703393678,0.012169998218716054,0.948691060047712,921,False
114,0.6475584233041196,0.47794510306525684,0.642682751687491,0.628768433237707,0.6692155628599874,0.5482053166727918,0.5037712484520995,7,19.095987915951426,0.5893667377425866,0.009005635050614138,0.8049334833917451,3.5652905985596406,0.47653788216654097,0.01086218448674734,0.9515208478570111,831,False
115,0.6476535655557865,0.47773149631528355,0.6436897395308677,0.629271729830389,0.6691584963508035,0.5484306032368809,0.5037048715119029,12,14.9378302698499,0.6845416308945564,0.008834376025267685,0.816955244910059,3.622071590071359,0.8299575998461927,0.02669417988418092,0.9454171159378755,872,False
116,0.6475798648512561,0.4761294456904838,0.644778709864044,0.6295233781267301,0.6692025707875304,0.5477667874915525,0.502411756750665,12,18.72616504693568,0.6884545302557235,0.008351247684967091,0.7267439790065315,3.6298153116075174,0.5741714855272355,0.012411789669974554,0.9441414985985662,1001,False
117,0.6474552185909959,0.48285805831464274,0.6418228279386712,0.6293220594896572,0.6689497133397823,0.5511062351435363,0.5080231930960086,12,18.213141578512744,0.6814424107407011,0.008635207354043972,0.8090565891116471,5.6628386305432645,0.8188835929374502,0.010805075755701072,0.94842088317236,1567,False
118,0.6473262127161055,0.4754886254405639,0.6431667148223057,0.628516784941366,0.6689056694008777,0.5467608228431071,0.5016451074953802,12,19.700302153540555,0.5957142489939088,0.008805618638414375,0.8080104771915066,5.652057678416458,0.7673064238748922,0.011630289273896253,0.9426976227128337,1443,False
119,0.6474065403939318,0.48349887856456264,0.6417635384179189,0.6294227188081937,0.6688895919653608,0.5515014923554852,0.5085831123893407,12,18.800334655003223,0.6888376540265001,0.008127151157241287,0.8570399849288903,5.716846186518025,0.8018303367333858,0.010182670152424281,0.9498314870147032,1567,False
120,0.647507927862051,0.4787995300651501,0.6430005737234653,0.6291207408525844,0.6690970025743619,0.5488827670645853,0.5045696020169278,12,19.808656059173977,0.5866312227374338,0.008947085857271195,0.8104877408551433,5.00435643534922,0.9149714523920615,0.011491005217267116,0.9494324305657325,1466,False
121,0.646853821189011,0.3994446224500694,0.6667855232661793,0.622930192762595,0.6682799659050609,0.499599251936949,0.43426766679826295,12,20.867182548792375,0.8244614680580453,0.008808511808886595,0.8084849597151579,6.927892306334727,0.7985233242307814,0.010711155475080475,0.8336973677393263,997,False
122,0.6476027327223361,0.45028302894371464,0.6549634923100823,0.6291710705118526,0.6692423602801726,0.5336708860759494,0.48030258151245186,12,18.80832080743162,0.5957384060202578,0.008731176752401936,0.8166111848139118,3.5358162992622884,0.4650477485580529,0.010621962348751566,0.8883763121238646,997,False
123,0.6468558520499469,0.44430203994446227,0.6556343577620173,0.6281644773264885,0.6681653042577664,0.5296664120193532,0.4749183734045711,12,19.594414764377753,0.7414977613940814,0.008442837557771758,0.7172699431087091,6.91309235122725,0.8015734374513837,0.01109932308549777,0.8833543953178687,1024,False
124,0.6472997790819812,0.4488945850688882,0.6541634241245137,0.6284664552820978,0.6687712756623165,0.5324296934380542,0.47895252638056385,11,19.60039711005339,0.6789569867187154,0.009000869497554291,0.7229094197303056,5.037284534520458,0.8373922738423536,0.0100731229886669,0.8890904635817463,1304,False
125,0.6476251561948729,0.44942860194382145,0.6546359676415682,0.6288187628969751,0.6692148715760069,0.5329618136913432,0.479489516864175,12,19.543467080437217,0.6799674511090441,0.008330122861891198,0.7230901950993183,3.045891463417142,0.9495229397425812,0.009930682363168714,0.8895711511572075,997,False
126,0.6472446031074435,0.4486809783189149,0.6540557371944574,0.6283657959635613,0.6687034485047009,0.5322437602939313,0.47874643874643874,12,14.049390581769211,0.6867240156710367,0.00811726236085369,0.7177383674335448,4.972215648620098,1.2480830974792,0.010812159091887145,0.8910968713418183,1071,False
127,0.6470000279134291,0.44814696144398164,0.6530739299610895,0.6277618400523428,0.6688136828847377,0.5315429440081074,0.47815484194452673,12,47.326289195762136,0.5880226934967054,0.008087874627103546,0.7170761827864576,2.1495748674897106,1.1508144183875082,0.024261952847796576,0.8908862771272013,868,False
128,0.6473307486576378,0.4064936451991883,0.6637600279037321,0.6232825003774725,0.6686958088001224,0.5042061336689408,0.44065206316861943,12,52.13113386667688,0.6923925535708216,0.010303565142699141,0.712054914391214,3.4234411583267503,1.2176524527041557,0.011102410211594986,0.8334845305793388,868,False
129,0.6472999998762085,0.4486809783189149,0.6522279149200435,0.6274598620967337,0.6687727395578047,0.5316375601113642,0.47855011049597884,12,47.906101025884126,0.686837209567408,0.010245457534681288,0.7068302565277327,3.4235660250394155,1.2060884907660054,0.010034235878944081,0.8900346460158614,1047,False
130,0.6471984552236645,0.4476129445690484,0.6527020713284535,0.6274598620967337,0.6688949544991801,0.531044095286366,0.4776286098511613,12,33.68522058715787,0.6871154763465203,0.010183494605859362,0.8720732933861314,2.0878459926182615,1.1050335026003806,0.010783139096344397,0.8878028459474135,650,False
131,0.646732073734536,0.4845669123144291,0.6399153737658674,0.6286174442599024,0.6684121434685081,0.5515103628517596,0.5092945983566073,12,35.220432252934984,0.6874790781229854,0.010071618876190984,0.8812348179727771,2.0583244489221295,1.2819711328362977,0.009592161579970487,0.9629383277660115,549,False
132,0.6472050974499628,0.5004806151874399,0.6337571003516365,0.6283154663042931,0.6687156781315912,0.559288655487259,0.5224546224858404,6,35.362834320366005,0.6860268268529459,0.010145598852928659,0.8292213730702749,1.9155647605587673,1.3308127558356855,0.010935452718002552,1.0076605950586837,650,False
133,0.6472327470786895,0.4978105308127737,0.6362271362271362,0.6292214001711208,0.6687557878513712,0.5585715141710108,0.5204564741614186,6,33.67485952881703,0.6865284558891767,0.009579191149903955,0.8730480809809563,1.9856498601514394,1.2590878721862497,0.011031414166493796,0.9984591905563183,650,False
134,0.6475018313106511,0.4863825696892022,0.6416795829223616,0.629976345060144,0.66901905013962,0.5533414337788578,0.5111225841208556,6,28.971047572671512,0.5930538820518367,0.00996003537931638,0.8480171789194333,3.4765408241463986,1.33149297087806,0.010469107166059382,0.9670579967225081,926,False
135,0.6472864377593528,0.4991989746876001,0.635140644109254,0.6288690925562433,0.668877184434505,0.5590240401865806,0.5215237330119836,12,30.910936857729386,0.5933862435986542,0.0099846619296141,0.8676200950844927,2.1467682710226734,1.2885492542928183,0.009534157733642894,0.9983216781387746,645,False
136,0.6476621937222008,0.4965288903129339,0.6346757679180888,0.6280638180079521,0.6691912764272021,0.5571668264621285,0.519128123813565,12,32.32425678233788,0.5923104099597909,0.009862586095354193,0.8679978199156357,3.462521028871788,1.3688501704981915,0.010446011153232388,1.0013059632911703,886,False
137,0.647404974918331,0.4946064295631742,0.6370890081166598,0.6290704111933162,0.669030054770633,0.5568783068783069,0.51776570291362,12,31.98638384795519,0.6010475577779503,0.010425267697582032,0.8670505393519106,3.0253931772282465,1.3700829146139628,0.010898965348550876,0.9921032912770853,659,False
138,0.6465364089937966,0.5031506995621061,0.632943705495096,0.6283657959635613,0.6683597990388672,0.5606331072236106,0.5246686713442477,12,33.58930888610533,0.5887150141851992,0.010325461308563585,0.8752170802386167,2.1196229279896435,1.3734914669841354,0.01034036710944013,1.0020631886060543,406,False
139,0.6475672410720806,0.48413969881448254,0.6402542372881356,0.6287181035784388,0.6690613607856029,0.5513592410144135,0.5089598490972783,12,36.684945443720686,0.6876515711055741,0.009891887911921415,0.8713930548310632,3.4321834249745415,0.34083944926902415,0.005967064979041574,0.9661682035931148,869,False
140,0.6478078427357313,0.4827512549396561,0.64314171883893,0.6300266747194121,0.6690599019730851,0.5515221768043439,0.5080935251798561,12,37.10583506209328,0.6860557201617585,0.012495035068553732,0.8435435099975157,3.0245741913252147,1.4482658194171998,0.0056024846589688105,0.9616473955364374,650,False
141,0.6469382611646537,0.4815764178148029,0.6415765509391007,0.6289194222155116,0.6683663204899479,0.5501799768165456,0.5068570143884892,12,34.939430574132736,0.6728402976306508,0.010257374618632322,0.8605467031107558,2.1466282049646317,1.310747875437712,0.005706718319979204,0.9621054988394215,650,False
142,0.6472665331184627,0.4801879739399765,0.6429286429286429,0.6293723891489255,0.6689764446813515,0.549767669356811,0.5057936775790303,12,31.91778488090551,0.6905829135795786,0.010599139919346847,0.7151525604427788,2.172585666007335,1.205948123548749,0.005027636566769388,0.9638230974158607,650,False
143,0.647654567090487,0.4971697105628538,0.634628493524199,0.6281644773264885,0.6690648934500619,0.5575518026110912,0.5196820505950387,12,43.56202629414464,0.6802992309043511,0.009974143548173239,0.8671646400491645,3.0108430688973975,1.2237788718807863,0.006131183839274015,0.9995287423337231,796,False
144,0.6478332452334685,0.48285805831464274,0.6410947249007374,0.6289194222155116,0.6691744517950298,0.5508376484922327,0.5079318712924681,12,35.50756898740345,0.685026384808044,0.010319274889271418,0.8588558502636674,3.400817959447219,1.2000468380312526,0.006155255697381054,0.9619134305160624,997,True
145,0.6476537590785442,0.4827512549396561,0.6415897799858056,0.6291710705118526,0.6691998107345789,0.5509507557289127,0.5078994089489179,12,13.418266785793293,0.6832088322156529,0.010737322032019613,0.8712615406042847,3.393785656135872,0.5912574961800798,0.004978873455497062,0.9606245384919853,791,False
146,0.6473291934051532,0.4799743671900032,0.6410841654778887,0.6283154663042931,0.6692289514041392,0.5489525438221462,0.5053753767261931,12,13.591557581176424,0.5832672487052569,0.010740783382042594,0.8667733170479853,3.0182248241690903,0.5950253962360691,0.007485193023062976,0.9589913656604121,665,False
147,0.6473557093466124,0.4815764178148029,0.6413028018774001,0.628768433237707,0.6690773111468586,0.5500792973038917,0.5068228311939392,12,14.003899164057419,0.5769488621892988,0.007816089227392374,0.8629815139086277,3.1771636377943655,0.5657754583482608,0.007127633550632765,0.9608564452149275,997,False
148,0.647626690791214,0.4903342945637082,0.6400390352711557,0.6298756857416076,0.6693280540789018,0.5552733430091921,0.5143977591036415,12,13.625261166510564,0.5782634037462078,0.007893036480476352,0.8311171752452304,3.145454367004059,0.5511451016428652,0.006228294083471006,0.9802447934372089,830,False
149,0.6475758909977207,0.48777101356402863,0.6384733678176989,0.6284664552820978,0.6692346697458895,0.553039476870913,0.5119381235287523,12,13.743295624373486,0.5835702974939857,0.01254125719236016,0.853171932331521,3.044507398235263,0.5569642673417805,0.006264643282929772,0.9783118573524053,447,False
