threshold,precision,recall,f1_score,accuracy,score
0.05,0.47123659972821985,1.0,0.6405993431855501,0.47123659972821985,0.6405993431855501
0.055,0.47123659972821985,1.0,0.6405993431855501,0.47123659972821985,0.6405993431855501
0.06,0.47123659972821985,1.0,0.6405993431855501,0.47123659972821985,0.6405993431855501
0.065,0.47123659972821985,1.0,0.6405993431855501,0.47123659972821985,0.6405993431855501
0.07,0.47123659972821985,1.0,0.6405993431855501,0.47123659972821985,0.6405993431855501
0.075,0.47123659972821985,1.0,0.6405993431855501,0.47123659972821985,0.6405993431855501
0.08,0.47123659972821985,1.0,0.6405993431855501,0.47123659972821985,0.6405993431855501
0.08499999999999999,0.47123659972821985,1.0,0.6405993431855501,0.47123659972821985,0.6405993431855501
0.09,0.4712603180994564,1.0,0.6406212582532244,0.47128692938748806,0.6406212582532244
0.095,0.4712603180994564,1.0,0.6406212582532244,0.47128692938748806,0.6406212582532244
0.09999999999999999,0.4712603180994564,1.0,0.6406212582532244,0.47128692938748806,0.6406212582532244
0.105,0.4712840388584084,1.0,0.64064317482039,0.4713372590467563,0.64064317482039
0.10999999999999999,0.4712840388584084,1.0,0.64064317482039,0.4713372590467563,0.64064317482039
0.11499999999999999,0.47128114774729424,0.9998931966250133,0.6406185849185713,0.4713372590467563,0.6406185849185713
0.12,0.4713286009162765,0.9998931966250133,0.6406624238691576,0.47143791836529264,0.6406624238691576
0.12499999999999999,0.47139691811864237,0.9997863932500267,0.640703603572773,0.4715889073430973,0.640703603572773
0.13,0.47141777889700326,0.99967958987504,0.640700937778082,0.4716392370023655,0.640700937778082
0.135,0.4714832728738412,0.9994659831250667,0.6407175379137996,0.4717902259801701,0.6407175379137996
0.13999999999999999,0.47169716215535057,0.9994659831250667,0.6409150058215191,0.47224319291358396,0.6409150058215191
0.145,0.4717418704310562,0.9993591797500802,0.6409343105692171,0.4723438522321204,0.6409343105692171
0.14999999999999997,0.47173617064192425,0.9991455730001068,0.6408851133794615,0.4723438522321204,0.6408851133794615
0.15499999999999997,0.4718256570650255,0.9989319662501335,0.6409237305557459,0.47254517086919323,0.6409237305557459
0.15999999999999998,0.4719685118837362,0.9989319662501335,0.6410555174777245,0.47284714882480244,0.6410555174777245
0.16499999999999998,0.4720609762253294,0.9988251628751469,0.64111880441489,0.4730484674618753,0.64111880441489
0.16999999999999998,0.47236815518286523,0.9987183595001602,0.6413800198909427,0.473702753032362,0.6413800198909427
0.175,0.47261694058154236,0.9981843426252269,0.6414990733749742,0.47425637928431225,0.6414990733749742
0.18,0.47311664641555284,0.9980775392502403,0.6419371458011335,0.47531330212894457,0.6419371458011335
0.185,0.473825707618951,0.9976503257502937,0.6425009457646937,0.4768231919069908,0.6425009457646937
0.19,0.47398609207654435,0.9973299156253338,0.6425818882466281,0.4771754995218682,0.6425818882466281
0.195,0.47435832274459977,0.9967958987504005,0.6428128658998553,0.47798077407015954,0.6428128658998553
0.19999999999999996,0.475040749796251,0.996048275125494,0.6432833247111571,0.47944033418893756,0.6432833247111571
0.20499999999999996,0.47547343167781125,0.9948734380006409,0.6434344132071562,0.48039659771503346,0.6434344132071562
0.20999999999999996,0.47629531026008604,0.9935917975008011,0.6439176328084444,0.4821581357894207,0.6439176328084444
0.21499999999999997,0.477371962808856,0.9925237637509345,0.6446756850502948,0.48442297045649,0.6446756850502948
0.21999999999999997,0.4781734783280936,0.9909217131261348,0.6450670930960162,0.48613417887160904,0.6450670930960162
0.22499999999999998,0.4790028961522549,0.9892128591263484,0.645458029896512,0.48789571694599626,0.645458029896512
0.22999999999999998,0.480411514080848,0.987504005126562,0.6463700234192038,0.4908148371835523,0.6463700234192038
0.235,0.4823676923880675,0.9861155612517356,0.6478388998035364,0.4947908802657406,0.6478388998035364
0.24,0.48377100840336135,0.9837658870020293,0.648593458437489,0.4976596708440284,0.648593458437489
0.245,0.4848468848996832,0.9807753925024031,0.6489064763452638,0.49987417585182947,0.6489064763452638
0.24999999999999994,0.4863213811420983,0.9777848980027769,0.6495671917127855,0.5028436257486537,0.6495671917127855
0.25499999999999995,0.48742188751802595,0.974687600128164,0.6498611407818842,0.5050581307564548,0.6498611407818842
0.25999999999999995,0.4887610238761024,0.970735875253658,0.6501663149611931,0.5077256026976698,0.6501663149611931
0.26499999999999996,0.4901631347894423,0.9659297233792588,0.6503199827425038,0.5104937339574211,0.6503199827425038
0.26999999999999996,0.49205569205569205,0.962512015379686,0.6512031216128333,0.514117469424732,0.6512031216128333
0.27499999999999997,0.4937245403501046,0.95791947025526,0.651603763304152,0.517288237958629,0.651603763304152
0.27999999999999997,0.49567003441767515,0.953647335255794,0.6522993753880995,0.5209119734259399,0.6522993753880995
0.285,0.4974519796158369,0.9487343800064082,0.6526818515797208,0.5241834012783734,0.6526818515797208
0.29,0.4996047877145438,0.9451030652568622,0.6536657433056325,0.5280587850420253,0.6536657433056325
0.295,0.5017078446999886,0.9412581437573427,0.6545360020795425,0.5317831798278726,0.6545360020795425
0.3,0.50427988740162,0.93752002563281,0.6558087411281285,0.536262519502743,0.6558087411281285
0.30499999999999994,0.5058503243744208,0.9327138737584107,0.6559507267059751,0.5389299914439579,0.6559507267059751
0.30999999999999994,0.5076617148204469,0.9270532948841184,0.6560598616832319,0.5419497710000504,0.6560598616832319
0.31499999999999995,0.5091735000884904,0.9218199295097725,0.6560006080413469,0.5444159243041925,0.6560006080413469
0.31999999999999995,0.5112275894931205,0.9166933675104133,0.6563933924747629,0.5477376818158941,0.6563933924747629
0.32499999999999996,0.513463044394916,0.910391968386201,0.6566014481589894,0.5512607579646686,0.6566014481589894
0.32999999999999996,0.515863331299573,0.9030225355121222,0.6566225294140489,0.5549348230912476,0.6566225294140489
0.33499999999999996,0.5187955978731297,0.8961871195129766,0.6571641148137995,0.5593638331068499,0.6571641148137995
0.33999999999999997,0.5207629768605379,0.8893517035138311,0.6568847868102394,0.5621822940258695,0.6568847868102394
0.3449999999999999,0.5230886172166973,0.8819822706397522,0.656699801192843,0.5654537218783029,0.656699801192843
0.3499999999999999,0.5250224560503015,0.8739720175157535,0.6559781955188585,0.5680205345009814,0.6559781955188585
0.3549999999999999,0.5274632305089157,0.8656413542667948,0.6555056815884185,0.5712416326941466,0.6555056815884185
0.35999999999999993,0.5291326127076194,0.8574174943928228,0.6544120643977991,0.573254819064875,0.6544120643977991
0.36499999999999994,0.5313754348407814,0.8483392075189576,0.6534490559828884,0.5759726206653581,0.6534490559828884
0.36999999999999994,0.5341479972844535,0.8403289543949589,0.6531357655750633,0.5793950374955962,0.6531357655750633
0.37499999999999994,0.5370127630217316,0.8313574708960804,0.6525274541034454,0.582767124666566,0.6525274541034454
0.37999999999999995,0.5395824576152445,0.8225995941471751,0.6516901468037399,0.5856359152448538,0.6516901468037399
0.38499999999999995,0.5419923262754015,0.814696144398163,0.6509365533131374,0.5882530575268006,0.6509365533131374
0.38999999999999996,0.544574483456148,0.8050838406493646,0.6496875673346262,0.5908701998087473,0.6496875673346262
0.39499999999999996,0.54628269174258,0.7941898964007262,0.6473122959738846,0.5921787709497207,0.6473122959738846
0.3999999999999999,0.5491619275665969,0.7838299690270213,0.6458397500770009,0.5948965725502038,0.6458397500770009
0.4049999999999999,0.5520499923792105,0.7736836484032895,0.644340671558817,0.5975137148321505,0.644340671558817
0.4099999999999999,0.554977076695936,0.7627897041546513,0.6424973011874775,0.5999798681362927,0.6424973011874775
0.4149999999999999,0.5568118921483356,0.7521093666559864,0.6398909586551568,0.6010871206401933,0.6398909586551568
0.41999999999999993,0.5597286164283983,0.7401473886574815,0.6374172185430463,0.603200966329458,0.6374172185430463
0.42499999999999993,0.5638033763654419,0.7276513937840435,0.6353336130927403,0.6063717348633549,0.6353336130927403
0.42999999999999994,0.5672791938352104,0.7154758090355655,0.6328169280181372,0.6087372288489606,0.6328169280181372
0.43499999999999994,0.5701267141121333,0.7015913702873011,0.6290639214747427,0.6100961296492022,0.6290639214747427
0.43999999999999995,0.5748508326654199,0.689415785538823,0.6269425019425019,0.6133675575016357,0.6269425019425019
0.44499999999999995,0.5793767186067827,0.675104133290612,0.6235880234795047,0.6159343701243143,0.6235880234795047
0.4499999999999999,0.5837176470588236,0.6623945316672006,0.6205723434060436,0.61829986410992,0.6205723434060436
0.4549999999999999,0.5892164468580294,0.6489373064188828,0.6176365946632782,0.6213699733252805,0.6176365946632782
0.4599999999999999,0.593419740777667,0.6356936879205383,0.613829732377662,0.6230811817403996,0.613829732377662
0.4649999999999999,0.5994845360824742,0.6210616255473673,0.6100823584955148,0.6258996426594192,0.6100823584955148
0.4699999999999999,0.6055085199871396,0.6034390686745701,0.6044720231090189,0.6278624993708792,0.6044720231090189
0.4749999999999999,0.6120901182244033,0.5861369219267328,0.5988324513066725,0.6299260154008758,0.5988324513066725
0.4799999999999999,0.6166647405524096,0.5699028089287621,0.5923623445825933,0.6303789823342896,0.5923623445825933
0.48499999999999993,0.6235948265441799,0.5509986115561252,0.5850533000680427,0.631687553475263,0.5850533000680427
0.48999999999999994,0.6294473883421651,0.5328420378083948,0.5771299670310602,0.6320398610901404,0.5771299670310602
0.49499999999999994,0.63476894881529,0.5178895653102638,0.5704034819433008,0.6323921687050179,0.5704034819433008
0.49999999999999994,0.6385103224935906,0.5053935704368258,0.5642065100751162,0.6320901907494086,0.5642065100751162
0.5049999999999999,0.6444973396807617,0.491615935063548,0.5577703726143592,0.6326438170013589,0.5577703726143592
0.5099999999999999,0.647493480150681,0.477304282815337,0.5495235167537658,0.6312345865418492,0.5495235167537658
0.5149999999999999,0.651322672246301,0.46544910819181884,0.5429176529213903,0.6306809602898988,0.5429176529213903
0.5199999999999999,0.6550453079404085,0.45551639431806046,0.5373566838855991,0.6303789823342896,0.5373566838855991
0.5249999999999999,0.6569758255648601,0.44408843319448893,0.5299515676777976,0.628768433237707,0.5299515676777976
0.5299999999999999,0.6602511825150873,0.4323400619459575,0.5225248483283852,0.6276611807338064,0.5225248483283852
0.5349999999999999,0.6662737834652298,0.4226209548221724,0.5171872957783297,0.6281644773264885,0.5171872957783297
0.5399999999999999,0.6686277902751341,0.41268824094841394,0.510368511425175,0.6268559061855151,0.510368511425175
0.5449999999999999,0.6738896848137536,0.4019011000747624,0.5035124105171607,0.6265035985706376,0.5035124105171607
0.5499999999999999,0.6787688905270918,0.3933568300758304,0.49807289201433497,0.6264029392521012,0.49807289201433497
0.5549999999999999,0.6796667928814842,0.383424116202072,0.4902697166268351,0.6242890935628366,0.4902697166268351
0.5599999999999999,0.68515625,0.37466623945316674,0.48443002140440516,0.6241884342443001,0.48443002140440516
0.565,0.6865400161681487,0.36281106482964864,0.4747397107120397,0.6216719512808898,0.4747397107120397
0.57,0.6900376726663876,0.35213072733098366,0.46630365603564106,0.6201620615028436,0.46630365603564106
0.575,0.6946730186227804,0.34262522695717185,0.4589085187039554,0.6192561276360159,0.4589085187039554
0.58,0.6989006057886471,0.3326925130834134,0.4507959479015919,0.6179978861543107,0.4507959479015919
0.585,0.7043073341094296,0.32308020933461495,0.4429638307219212,0.617091952287483,0.4429638307219212
0.59,0.7099347353154459,0.31368151233578984,0.4351111111111111,0.6161860184206553,0.4351111111111111
0.595,0.7131024096385542,0.3034283883370715,0.4257136435153967,0.6142231617091952,0.4257136435153967
0.6,0.718504966021955,0.2936024778382997,0.4168625369626204,0.6129145905682218,0.4168625369626204
0.605,0.7239597497960294,0.2843105842144612,0.40828220858895703,0.6116563490865167,0.40828220858895703
0.61,0.7264981539335416,0.2732030332158496,0.39708165166097487,0.6090392068045699,0.39708165166097487
0.615,0.7306437258973598,0.26305671259211794,0.3868383854248469,0.6070260204338417,0.3868383854248469
0.62,0.7333127317676144,0.2534444088433194,0.3766965632193031,0.6047611857667724,0.3766965632193031
0.625,0.735417338059942,0.24372530171953433,0.36611583507139417,0.6022950324626303,0.36611583507139417
0.63,0.7365410497981157,0.23379258784577592,0.3549250101337657,0.5995269012028789,0.3549250101337657
0.635,0.7377622377622378,0.2253551212218306,0.3452507567700237,0.5972117368765414,0.3452507567700237
0.6399999999999999,0.7420664206642067,0.2147815870981523,0.33314006460697426,0.5947959132316675,0.33314006460697426
0.6449999999999999,0.7462456680785522,0.20698494072412688,0.3240802675585284,0.5931350344758166,0.3240802675585284
0.6499999999999999,0.7505022097227803,0.19950870447506142,0.3152210597367533,0.591524485379234,0.3152210597367533
0.6549999999999999,0.7532359081419624,0.19267328847591583,0.30685490729715936,0.589813276964115,0.30685490729715936
0.6599999999999999,0.7606313020604998,0.18530385560183701,0.2980075575403641,0.5886053651416779,0.2980075575403641
0.6649999999999999,0.7635535307517084,0.1790024564776247,0.2900155736286555,0.5869948160450954,0.2900155736286555
0.6699999999999999,0.7679425837320574,0.17141941685357256,0.28027591024185805,0.5851326186521717,0.28027591024185805
0.6749999999999999,0.7738693467336684,0.16447719747944034,0.2712939311195279,0.5836227288741255,0.2712939311195279
0.6799999999999999,0.7783068783068783,0.15710776460536152,0.2614413934062028,0.5817102018219337,0.2614413934062028
0.6849999999999999,0.7856746252082176,0.15112677560610915,0.25349337155141527,0.5805526196587649,0.25349337155141527
0.69,0.7883720930232558,0.14482537648189683,0.24469908869439683,0.5786904222658412,0.24469908869439683
0.695,0.7956923076923077,0.1380967638577379,0.23534765198398253,0.5771302028285269,0.23534765198398253
0.7,0.7965116279069767,0.13168856135853893,0.22601044817156998,0.5749660274799939,0.22601044817156998
0.705,0.801765105227427,0.12613478585923316,0.21797711332595054,0.5735064673612159,0.21797711332595054
0.71,0.8022840827980015,0.12004699348499412,0.20884429580081754,0.5713926216719513,0.20884429580081754
0.715,0.8079519879969993,0.1150272348606216,0.20138369483919222,0.5700840505309779,0.20138369483919222
0.72,0.8104524180967239,0.11096870661112891,0.19520901831845938,0.5688258090492727,0.19520901831845938
0.725,0.8120915032679739,0.10616255473672968,0.1877774629262303,0.5672152599526901,0.1877774629262303
0.73,0.8159031979256698,0.1008223859873972,0.17946768060836502,0.5655543811968393,0.17946768060836502
0.735,0.8194192377495463,0.09644344761294457,0.1725752508361204,0.5641954803965977,0.1725752508361204
0.74,0.819672131147541,0.09078286873865214,0.16346153846153846,0.5621319643666013,0.16346153846153846
0.7449999999999999,0.8194726166328601,0.08629712698921285,0.15615035269108127,0.5604710856107504,0.15615035269108127
0.7499999999999999,0.827807486631016,0.08266581223966678,0.15032045057292678,0.559615481403191,0.15032045057292678
0.7549999999999999,0.832,0.0777528569902809,0.142215276421176,0.5580049323066083,0.142215276421176
0.7599999999999999,0.8333333333333334,0.07262629499092171,0.13360840947047845,0.5561427349136846,0.13360840947047845
0.7649999999999999,0.8350649350649351,0.06867457011641567,0.1269120694759696,0.5547335044541748,0.1269120694759696
0.7699999999999999,0.84593837535014,0.06450923849193635,0.11987694750421753,0.5536262519502743,0.11987694750421753
0.7749999999999999,0.8464977645305514,0.06066431699241696,0.11321506876619494,0.5521666918314962,0.11321506876619494
0.7799999999999999,0.8478605388272583,0.057139805617857524,0.10706423854312587,0.550858120690523,0.10706423854312587
0.7849999999999999,0.8453781512605042,0.05372209761828474,0.1010243020686885,0.5494488902310132,0.1010243020686885
0.7899999999999999,0.842756183745583,0.05094520986863185,0.09608218350287039,0.5482913080678444,0.09608218350287039
0.7949999999999999,0.8439849624060151,0.04795471536900566,0.09075290550783224,0.5471840555639438,0.09075290550783224
0.7999999999999999,0.8577319587628865,0.04443020399444622,0.08448415922014622,0.5462277920378479,0.08448415922014622
0.8049999999999999,0.8587196467991169,0.041546512869806686,0.07925835370823146,0.5451205395339473,0.07925835370823146
0.8099999999999999,0.875,0.03887642849514045,0.0744452397995705,0.5444662539634607,0.0744452397995705
0.815,0.8801020408163265,0.036847164370394106,0.07073295745771399,0.5437616387337058,0.07073295745771399
0.82,0.8818681318681318,0.034283883370714516,0.06600185051917344,0.5427550455483416,0.06600185051917344
0.825,0.8895522388059701,0.031827405746021574,0.06145597030315529,0.5418994413407822,0.06145597030315529
0.83,0.8860759493670886,0.02990494499626188,0.05785721665461308,0.5410438371332226,0.05785721665461308
0.835,0.8986486486486487,0.02840969774644879,0.055078165441557095,0.540641199859077,0.055078165441557095
0.84,0.8920863309352518,0.026487236996689097,0.05144694533762058,0.5397352659922492,0.05144694533762058
0.845,0.9027237354085603,0.0247783829969027,0.048232848232848236,0.539181639740299,0.048232848232848236
0.8499999999999999,0.9110169491525424,0.02296272562212966,0.0447963329513491,0.5385273541698122,0.0447963329513491
0.8549999999999999,0.9095022624434389,0.021467478372316565,0.0419449081803005,0.5378730685993256,0.0419449081803005
0.8599999999999999,0.9035532994923858,0.019011000747623626,0.037238493723849374,0.5367658160954251,0.037238493723849374
0.8649999999999999,0.8938547486033519,0.017088539997863934,0.03353594634248585,0.5358598822285973,0.03353594634248585
0.8699999999999999,0.8957055214723927,0.015593292748050838,0.030652949821541046,0.5352559263173788,0.030652949821541046
0.8749999999999999,0.8811188811188811,0.013457225248317847,0.026509572901325478,0.5342493331320147,0.026509572901325478
0.8799999999999999,0.888,0.011855174623518103,0.023397976391231028,0.5336453772207962,0.023397976391231028
0.8849999999999999,0.9065420560747663,0.01035992737370501,0.0204857444561774,0.5331420806281142,0.0204857444561774
0.8899999999999999,0.9130434782608695,0.008971483498878564,0.017768376520359598,0.5325884543761639,0.017768376520359598
0.8949999999999999,0.95,0.008117056498985368,0.01609657947686117,0.532387135739091,0.01609657947686117
0.8999999999999999,0.958904109589041,0.00747623624906547,0.01483679525222552,0.53213548744275,0.01483679525222552
0.9049999999999999,0.9655172413793104,0.005980988999252377,0.011888334571701518,0.5314812018722633,0.011888334571701518
0.9099999999999999,0.9607843137254902,0.00523336537434583,0.01041002761844062,0.5311288942573859,0.01041002761844062
0.9149999999999999,0.95,0.004058528249492684,0.00808252685313198,0.5305752680054356,0.00808252685313198
0.9199999999999999,0.9583333333333334,0.0024564776246929405,0.004900394162139128,0.5298706527756807,0.004900394162139128
0.9249999999999999,1.0,0.001281640499839795,0.00256,0.5293673561829987,0.00256
0.9299999999999999,1.0,0.0008544269998931966,0.001707395155266247,0.5291660375459258,0.001707395155266247
0.9349999999999999,1.0,0.0006408202499198974,0.001280819724623759,0.5290653782273894,0.001280819724623759
0.94,1.0,0.00021360674997329915,0.0004271222637479979,0.5288640595903166,0.0004271222637479979
0.945,1.0,0.00010680337498664957,0.00021358393848782572,0.5288137299310484,0.00021358393848782572
0.95,0.0,0.0,0.0,0.5287634002717801,0.0
