feature,value,recall,precision,accuracy,roc_auc,prauc,f1,f2,tp,tn,fp,fn,size
time_in_hospital,1,0.4426086956521739,0.6467598475222364,0.6741134751773049,0.7087175214787816,0.6380500560412908,0.5255549819308208,0.4724336365323928,0.18049645390070923,0.49361702127659574,0.09858156028368795,0.2273049645390071,2820
time_in_hospital,2,0.5540631296171927,0.6425233644859814,0.6690244621279104,0.7146994627266622,0.6640383823758076,0.5950234403173459,0.5697513812154696,0.24314765694076038,0.42587680518715,0.13527851458885942,0.1956970232832302,3393
time_in_hospital,3,0.5396435156730178,0.661144578313253,0.660436137071651,0.7210551783712871,0.6836504184925438,0.5942470389170896,0.5602348136804493,0.248654772019258,0.4117813650523931,0.1274426508071368,0.21212121212121213,3531
time_in_hospital,4,0.5747973470891673,0.657672849915683,0.6351150705270973,0.692291114688843,0.6916143856203413,0.6134486826582777,0.5896583005745388,0.289532293986637,0.34558277654046027,0.15070527097253156,0.21417965850037118,2694
time_in_hospital,5,0.5793991416309013,0.627906976744186,0.6270298585646935,0.682470424923454,0.6665805177150964,0.6026785714285714,0.5884917175239756,0.2828706128863279,0.34415924567836564,0.1676270298585647,0.20534311157674176,1909
time_in_hospital,6,0.6052998605299861,0.6271676300578035,0.6364247311827957,0.6924206820825352,0.6735237429100448,0.6160397444996452,0.6095505617977528,0.2916666666666667,0.34475806451612906,0.17338709677419356,0.19018817204301075,1488
time_in_hospital,7,0.6357142857142857,0.6223776223776224,0.6293027360988526,0.6789017701321366,0.6648546884356157,0.6289752650176679,0.6330014224751067,0.3142100617828773,0.31509267431597526,0.19064430714916153,0.18005295675198588,1133
time_in_hospital,8,0.5840336134453782,0.6650717703349283,0.6078886310904872,0.6546947794661906,0.6900264259242834,0.6219239373601789,0.5986218776916451,0.3225058004640371,0.2853828306264501,0.16241299303944315,0.2296983758700696,862
time_in_hospital,9,0.6148409893992933,0.6126760563380281,0.6046931407942239,0.6692136179312322,0.6949859617211246,0.6137566137566137,0.614406779661017,0.3140794223826715,0.29061371841155237,0.19855595667870035,0.1967509025270758,554
time_in_hospital,10,0.6286919831223629,0.6563876651982379,0.6335540838852097,0.681669010782935,0.7009909469073556,0.6422413793103449,0.6340425531914894,0.32891832229580575,0.304635761589404,0.17218543046357615,0.19426048565121412,453
time_in_hospital,11,0.6136363636363636,0.6792452830188679,0.6590257879656161,0.7227404098791382,0.7248775265319671,0.6447761194029851,0.6257242178447276,0.30945558739255014,0.3495702005730659,0.14613180515759314,0.19484240687679083,349
time_in_hospital,12,0.6013513513513513,0.6496350364963503,0.6094890510948905,0.6549764049764051,0.6755127419334503,0.624561403508772,0.6104252400548696,0.3248175182481752,0.2846715328467153,0.17518248175182483,0.21532846715328466,274
time_in_hospital,13,0.5636363636363636,0.5740740740740741,0.5727272727272728,0.6417355371900827,0.6466711048774957,0.5688073394495413,0.5656934306569343,0.2818181818181818,0.2909090909090909,0.20909090909090908,0.21818181818181817,220
time_in_hospital,14,0.6534653465346535,0.6285714285714286,0.6084656084656085,0.6381638163816382,0.668485144242343,0.6407766990291263,0.6483300589390962,0.3492063492063492,0.25925925925925924,0.20634920634920634,0.18518518518518517,189
num_lab_procedures,1,0.4898785425101215,0.587378640776699,0.6758832565284179,0.7282338557742415,0.6178672457873051,0.5342163355408388,0.5067001675041876,0.1858678955453149,0.49001536098310294,0.130568356374808,0.1935483870967742,651
num_lab_procedures,2,0.6115702479338843,0.6851851851851852,0.6639004149377593,0.7120523415977962,0.6943714311405196,0.6462882096069869,0.625,0.3070539419087137,0.35684647302904565,0.14107883817427386,0.1950207468879668,241
num_lab_procedures,3,0.4745762711864407,0.7368421052631579,0.6821705426356589,0.7760290556900727,0.7716509059168806,0.5773195876288659,0.5109489051094891,0.21705426356589147,0.46511627906976744,0.07751937984496124,0.24031007751937986,129
num_lab_procedures,4,0.6,0.6206896551724138,0.6714285714285714,0.7316666666666666,0.7143283275674813,0.6101694915254238,0.6040268456375839,0.2571428571428571,0.4142857142857143,0.15714285714285714,0.17142857142857143,70
num_lab_procedures,5,0.4583333333333333,0.7333333333333333,0.6851851851851852,0.6611111111111111,0.6992995172299422,0.5641025641025641,0.4954954954954955,0.2037037037037037,0.48148148148148145,0.07407407407407407,0.24074074074074073,54
num_lab_procedures,6,0.4166666666666667,0.7142857142857143,0.7049180327868853,0.7837837837837838,0.6980488835033803,0.5263157894736842,0.45454545454545453,0.16393442622950818,0.5409836065573771,0.06557377049180328,0.22950819672131148,61
num_lab_procedures,7,0.2857142857142857,0.7272727272727273,0.6166666666666667,0.6897321428571428,0.7086541468244,0.41025641025641024,0.3252032520325203,0.13333333333333333,0.48333333333333334,0.05,0.3333333333333333,60
num_lab_procedures,8,0.5135135135135135,0.59375,0.5921052631578947,0.623007623007623,0.664714809613244,0.5507246376811594,0.5277777777777778,0.25,0.34210526315789475,0.17105263157894737,0.23684210526315788,76
num_lab_procedures,9,0.5797101449275363,0.6451612903225806,0.7150837988826816,0.7420289855072464,0.7070982062584132,0.6106870229007634,0.591715976331361,0.22346368715083798,0.49162011173184356,0.12290502793296089,0.16201117318435754,179
num_lab_procedures,10,0.4935064935064935,0.8085106382978723,0.7176470588235294,0.7782432621142299,0.7140252960035232,0.6129032258064516,0.5352112676056338,0.2235294117647059,0.49411764705882355,0.052941176470588235,0.22941176470588234,170
num_lab_procedures,11,0.5818181818181818,0.6037735849056604,0.6716417910447762,0.6913693901035672,0.6670509454490983,0.5925925925925926,0.5860805860805861,0.23880597014925373,0.43283582089552236,0.15671641791044777,0.17164179104477612,134
num_lab_procedures,12,0.37209302325581395,0.64,0.6129032258064516,0.6758139534883721,0.6284093724342703,0.47058823529411764,0.40609137055837563,0.17204301075268819,0.44086021505376344,0.0967741935483871,0.2903225806451613,93
num_lab_procedures,13,0.4782608695652174,0.44,0.6,0.629399585921325,0.5003240773779952,0.4583333333333333,0.4700854700854701,0.16923076923076924,0.4307692307692308,0.2153846153846154,0.18461538461538463,65
num_lab_procedures,14,0.5652173913043478,0.6842105263157895,0.7866666666666666,0.8177257525083612,0.6589425386492691,0.6190476190476191,0.5855855855855856,0.17333333333333334,0.6133333333333333,0.08,0.13333333333333333,75
num_lab_procedures,15,0.6153846153846154,0.7058823529411765,0.7282608695652174,0.7547169811320755,0.7196261093188452,0.6575342465753424,0.631578947368421,0.2608695652173913,0.4673913043478261,0.10869565217391304,0.16304347826086957,92
num_lab_procedures,16,0.4339622641509434,0.5897435897435898,0.5929203539823009,0.6808176100628931,0.6406969320038651,0.5,0.4581673306772908,0.20353982300884957,0.3893805309734513,0.1415929203539823,0.26548672566371684,113
num_lab_procedures,17,0.49230769230769234,0.6530612244897959,0.673202614379085,0.7181818181818181,0.6350174584265,0.5614035087719298,0.517799352750809,0.20915032679738563,0.46405228758169936,0.1111111111111111,0.21568627450980393,153
num_lab_procedures,18,0.42857142857142855,0.7105263157894737,0.6356589147286822,0.7486772486772486,0.7339160185928144,0.5346534653465347,0.46551724137931033,0.20930232558139536,0.4263565891472868,0.08527131782945736,0.27906976744186046,129
num_lab_procedures,19,0.4393939393939394,0.58,0.6813186813186813,0.7522204806687566,0.6116606754580065,0.5,0.46178343949044587,0.15934065934065933,0.521978021978022,0.11538461538461539,0.2032967032967033,182
num_lab_procedures,20,0.3617021276595745,0.4722222222222222,0.6201550387596899,0.6660612350804359,0.515357093524216,0.40963855421686746,0.3794642857142857,0.13178294573643412,0.4883720930232558,0.14728682170542637,0.23255813953488372,129
num_lab_procedures,21,0.44680851063829785,0.5833333333333334,0.672,0.7054009819967267,0.5841083843853402,0.5060240963855421,0.46875,0.168,0.504,0.12,0.208,125
num_lab_procedures,22,0.45,0.7105263157894737,0.6811594202898551,0.7452991452991452,0.6985238309288725,0.5510204081632653,0.4856115107913669,0.1956521739130435,0.4855072463768116,0.07971014492753623,0.2391304347826087,138
num_lab_procedures,23,0.5853658536585366,0.6153846153846154,0.6483516483516484,0.7095121951219512,0.6456901791912099,0.6,0.5911330049261084,0.26373626373626374,0.38461538461538464,0.16483516483516483,0.18681318681318682,182
num_lab_procedures,24,0.6181818181818182,0.6181818181818182,0.6934306569343066,0.7454545454545455,0.6702408480517712,0.6181818181818182,0.6181818181818182,0.24817518248175183,0.44525547445255476,0.15328467153284672,0.15328467153284672,137
num_lab_procedures,25,0.5425531914893617,0.5666666666666667,0.5773195876288659,0.6003191489361702,0.5925793198743041,0.5543478260869565,0.5472103004291845,0.26288659793814434,0.31443298969072164,0.20103092783505155,0.22164948453608246,194
num_lab_procedures,26,0.4375,0.525,0.5947136563876652,0.6178435114503817,0.5708822010339393,0.4772727272727273,0.4525862068965517,0.18502202643171806,0.40969162995594716,0.16740088105726872,0.23788546255506607,227
num_lab_procedures,27,0.5692307692307692,0.6065573770491803,0.6462585034013606,0.6606003752345215,0.5741089843027314,0.5873015873015873,0.5763239875389408,0.25170068027210885,0.3945578231292517,0.16326530612244897,0.19047619047619047,147
num_lab_procedures,28,0.5217391304347826,0.5925925925925926,0.6350710900473934,0.6817683595177201,0.6249671025458547,0.5549132947976878,0.534521158129176,0.22748815165876776,0.4075829383886256,0.15639810426540285,0.20853080568720378,211
num_lab_procedures,29,0.5263157894736842,0.5882352941176471,0.6335877862595419,0.6992650545282125,0.6528172207085889,0.5555555555555556,0.5376344086021505,0.22900763358778625,0.40458015267175573,0.16030534351145037,0.20610687022900764,262
num_lab_procedures,30,0.5562913907284768,0.6131386861313869,0.5945945945945946,0.6435715916875999,0.6285306858715773,0.5833333333333334,0.5668016194331984,0.28378378378378377,0.3108108108108108,0.17905405405405406,0.22635135135135134,296
num_lab_procedures,31,0.5,0.6237623762376238,0.6231343283582089,0.6773418287502795,0.6462811281096156,0.5550660792951542,0.5206611570247934,0.23507462686567165,0.3880597014925373,0.1417910447761194,0.23507462686567165,268
num_lab_procedures,32,0.56,0.6796116504854369,0.648,0.715072,0.7333975842155782,0.6140350877192983,0.5804311774461028,0.28,0.368,0.132,0.22,250
num_lab_procedures,33,0.46956521739130436,0.5934065934065934,0.6016260162601627,0.6910056422170594,0.6468186760333875,0.5242718446601942,0.4900181488203267,0.21951219512195122,0.3821138211382114,0.15040650406504066,0.24796747967479674,246
num_lab_procedures,34,0.5125,0.6833333333333333,0.655786350148368,0.7405720338983051,0.7605323156350714,0.5857142857142857,0.5394736842105263,0.2433234421364985,0.4124629080118694,0.11275964391691394,0.2314540059347181,337
num_lab_procedures,35,0.5344827586206896,0.6549295774647887,0.6692111959287532,0.7485960216238913,0.7247532271927035,0.5886075949367089,0.5548926014319809,0.2366412213740458,0.43256997455470736,0.12468193384223919,0.20610687022900764,393
num_lab_procedures,36,0.5459770114942529,0.6506849315068494,0.6467391304347826,0.7061263182841568,0.6884559091030595,0.59375,0.5641330166270784,0.25815217391304346,0.38858695652173914,0.13858695652173914,0.21467391304347827,368
num_lab_procedures,37,0.44324324324324327,0.6119402985074627,0.630071599045346,0.6822129822129823,0.6565070717267294,0.5141065830721003,0.4691075514874142,0.1957040572792363,0.4343675417661098,0.12410501193317422,0.2458233890214797,419
num_lab_procedures,38,0.5111111111111111,0.5974025974025974,0.6511627906976745,0.6873333333333332,0.6289792115945299,0.5508982035928144,0.5263157894736842,0.21395348837209302,0.4372093023255814,0.14418604651162792,0.20465116279069767,430
num_lab_procedures,39,0.5217391304347826,0.7058823529411765,0.6496350364963503,0.7097423510466989,0.7330622672526204,0.6,0.5504587155963303,0.26277372262773724,0.38686131386861317,0.10948905109489052,0.24087591240875914,411
num_lab_procedures,40,0.5852534562211982,0.6827956989247311,0.6718061674008811,0.7113107390771742,0.7007572864460665,0.630272952853598,0.6024667931688804,0.27973568281938327,0.3920704845814978,0.1299559471365639,0.19823788546255505,454
num_lab_procedures,41,0.569377990430622,0.6761363636363636,0.6541176470588236,0.7005139110402269,0.7008072927109497,0.6181818181818182,0.5879446640316206,0.28,0.37411764705882355,0.13411764705882354,0.21176470588235294,425
num_lab_procedures,42,0.5497382198952879,0.625,0.6400966183574879,0.6780926443312282,0.6628721271175835,0.584958217270195,0.5633047210300429,0.2536231884057971,0.3864734299516908,0.15217391304347827,0.20772946859903382,414
num_lab_procedures,43,0.5774058577405857,0.641860465116279,0.6550387596899225,0.7127320514176094,0.6804953037477488,0.6079295154185022,0.5892399658411615,0.26744186046511625,0.3875968992248062,0.14922480620155038,0.19573643410852712,516
num_lab_procedures,44,0.5990783410138248,0.625,0.6576763485477178,0.6908442744109209,0.6640368344510854,0.611764705882353,0.604089219330855,0.2697095435684647,0.3879668049792531,0.16182572614107885,0.18049792531120332,482
num_lab_procedures,45,0.6255506607929515,0.6729857819905213,0.6600441501103753,0.7138513118396943,0.7041630202462622,0.6484018264840182,0.6344950848972297,0.31346578366445915,0.3465783664459161,0.152317880794702,0.18763796909492272,453
num_lab_procedures,46,0.544973544973545,0.6319018404907976,0.6498800959232613,0.7003156038243759,0.6573517675222617,0.5852272727272727,0.5603917301414582,0.24700239808153476,0.4028776978417266,0.14388489208633093,0.20623501199040767,417
num_lab_procedures,47,0.489010989010989,0.5816993464052288,0.6252983293556086,0.6828487967728474,0.6259381516765175,0.5313432835820896,0.5051078320090806,0.21241050119331742,0.4128878281622912,0.15274463007159905,0.22195704057279236,419
num_lab_procedures,48,0.5454545454545454,0.6906474820143885,0.6925,0.7494673295454546,0.7055806571150567,0.6095238095238096,0.5693950177935944,0.24,0.4525,0.1075,0.2,400
num_lab_procedures,49,0.5204081632653061,0.6375,0.6310679611650486,0.663997543461829,0.60567620943743,0.5730337078651685,0.5402542372881356,0.24757281553398058,0.38349514563106796,0.1407766990291262,0.22815533980582525,412
num_lab_procedures,50,0.6404494382022472,0.7125,0.6901408450704225,0.7372563956071858,0.7011063336350543,0.6745562130177515,0.6536697247706422,0.3211267605633803,0.36901408450704226,0.1295774647887324,0.18028169014084508,355
num_lab_procedures,51,0.5828877005347594,0.7124183006535948,0.680628272251309,0.7275195392842453,0.7159575646532381,0.6411764705882353,0.6048834628190899,0.28534031413612565,0.39528795811518325,0.11518324607329843,0.20418848167539266,382
num_lab_procedures,52,0.6170212765957447,0.7160493827160493,0.6638176638176638,0.7081973632685028,0.7291356806888445,0.6628571428571428,0.6345733041575492,0.33048433048433046,0.3333333333333333,0.13105413105413105,0.20512820512820512,351
num_lab_procedures,53,0.6024844720496895,0.610062893081761,0.6337209302325582,0.6970437497878695,0.6829474197251711,0.60625,0.6039850560398505,0.2819767441860465,0.35174418604651164,0.18023255813953487,0.18604651162790697,344
num_lab_procedures,54,0.5297619047619048,0.6095890410958904,0.6243093922651933,0.6758100147275405,0.6459184751305924,0.5668789808917197,0.5440097799511002,0.24585635359116023,0.3784530386740331,0.1574585635359116,0.21823204419889503,362
num_lab_procedures,55,0.581151832460733,0.7070063694267515,0.6585365853658537,0.7389552326607448,0.7434352351822263,0.6379310344827587,0.6026058631921825,0.3008130081300813,0.35772357723577236,0.12466124661246612,0.21680216802168023,369
num_lab_procedures,56,0.554945054945055,0.6688741721854304,0.6371191135734072,0.6965129842224815,0.6884146572540613,0.6066066066066066,0.5745164960182025,0.27977839335180055,0.3573407202216066,0.13850415512465375,0.22437673130193905,361
num_lab_procedures,57,0.5714285714285714,0.6865671641791045,0.6563467492260062,0.7225672877846792,0.732130045918715,0.6237288135593221,0.5912596401028277,0.2848297213622291,0.3715170278637771,0.13003095975232198,0.21362229102167182,323
num_lab_procedures,58,0.6193548387096774,0.6193548387096774,0.6569767441860465,0.7060590544461512,0.6540243650742461,0.6193548387096774,0.6193548387096774,0.27906976744186046,0.37790697674418605,0.17151162790697674,0.17151162790697674,344
num_lab_procedures,59,0.6369047619047619,0.6993464052287581,0.6491803278688525,0.7051181786583246,0.7310951882763062,0.6666666666666666,0.6484848484848484,0.35081967213114756,0.2983606557377049,0.15081967213114755,0.2,305
num_lab_procedures,60,0.6625766871165644,0.6708074534161491,0.660377358490566,0.7076192360973679,0.7188604917733292,0.6666666666666666,0.6642066420664207,0.33962264150943394,0.32075471698113206,0.16666666666666666,0.17295597484276728,318
num_lab_procedures,61,0.5454545454545454,0.6268656716417911,0.6141479099678456,0.6409959467284307,0.6525382270811584,0.5833333333333334,0.56,0.27009646302250806,0.3440514469453376,0.1607717041800643,0.22508038585209003,311
num_lab_procedures,62,0.6102941176470589,0.7217391304347827,0.6804511278195489,0.7356900452488688,0.744122638707156,0.6613545816733067,0.629742033383915,0.31203007518796994,0.3684210526315789,0.12030075187969924,0.19924812030075187,266
num_lab_procedures,63,0.6330935251798561,0.6423357664233577,0.6551724137931034,0.7261899089999524,0.7075274192713114,0.6376811594202898,0.6349206349206349,0.30344827586206896,0.35172413793103446,0.16896551724137931,0.17586206896551723,290
num_lab_procedures,64,0.5859375,0.635593220338983,0.632183908045977,0.6892622180451128,0.6471216466849854,0.6097560975609756,0.5952380952380952,0.28735632183908044,0.3448275862068966,0.16475095785440613,0.20306513409961685,261
num_lab_procedures,65,0.6589147286821705,0.6854838709677419,0.6468085106382979,0.6759543659499782,0.683316909373123,0.6719367588932806,0.6640625,0.3617021276595745,0.2851063829787234,0.16595744680851063,0.18723404255319148,235
num_lab_procedures,66,0.648,0.7232142857142857,0.6781115879828327,0.7463703703703702,0.7715192842320446,0.6835443037974683,0.6617647058823529,0.34763948497854075,0.33047210300429186,0.13304721030042918,0.1888412017167382,233
num_lab_procedures,67,0.46956521739130436,0.5806451612903226,0.5652173913043478,0.6253308128544425,0.6388254050153979,0.5192307692307693,0.488245931283906,0.23478260869565218,0.33043478260869563,0.16956521739130434,0.26521739130434785,230
num_lab_procedures,68,0.6444444444444445,0.5631067961165048,0.5904255319148937,0.6639455782312925,0.6644194278260027,0.6010362694300518,0.6263498920086393,0.30851063829787234,0.28191489361702127,0.2393617021276596,0.1702127659574468,188
num_lab_procedures,69,0.66,0.584070796460177,0.6383928571428571,0.6916129032258065,0.6088105213598636,0.6197183098591549,0.6432748538011696,0.29464285714285715,0.34375,0.20982142857142858,0.15178571428571427,224
num_lab_procedures,70,0.5,0.5949367088607594,0.5380116959064327,0.6121856866537717,0.6402901509037144,0.5433526011560693,0.5164835164835165,0.27485380116959063,0.2631578947368421,0.1871345029239766,0.27485380116959063,171
num_lab_procedures,71,0.6176470588235294,0.5384615384615384,0.5974025974025974,0.6672366621067031,0.6108443688289793,0.5753424657534246,0.6,0.2727272727272727,0.3246753246753247,0.23376623376623376,0.16883116883116883,154
num_lab_procedures,72,0.5753424657534246,0.6774193548387096,0.6106870229007634,0.6598960793575814,0.7250650839670758,0.6222222222222222,0.5932203389830508,0.32061068702290074,0.2900763358778626,0.15267175572519084,0.2366412213740458,131
num_lab_procedures,73,0.6794871794871795,0.7571428571428571,0.6612903225806451,0.6691750278706801,0.7642334872361026,0.7162162162162162,0.693717277486911,0.4274193548387097,0.23387096774193547,0.13709677419354838,0.20161290322580644,124
num_lab_procedures,74,0.6612903225806451,0.5857142857142857,0.5867768595041323,0.6500820120284309,0.6528509213428315,0.6212121212121212,0.6446540880503144,0.33884297520661155,0.24793388429752067,0.2396694214876033,0.17355371900826447,121
num_lab_procedures,75,0.6461538461538462,0.8076923076923077,0.6764705882352942,0.745945945945946,0.8290306221092785,0.717948717948718,0.6730769230769231,0.4117647058823529,0.2647058823529412,0.09803921568627451,0.22549019607843138,102
num_lab_procedures,76,0.6304347826086957,0.6170212765957447,0.5394736842105263,0.5891304347826087,0.680866512674198,0.6236559139784946,0.6277056277056277,0.3815789473684211,0.15789473684210525,0.23684210526315788,0.2236842105263158,76
num_lab_procedures,77,0.575,0.5348837209302325,0.5487804878048781,0.636904761904762,0.6766522285636825,0.5542168674698795,0.5665024630541872,0.2804878048780488,0.2682926829268293,0.24390243902439024,0.2073170731707317,82
num_lab_procedures,78,0.5172413793103449,0.5172413793103449,0.582089552238806,0.604355716878403,0.5140477329304095,0.5172413793103449,0.5172413793103449,0.22388059701492538,0.3582089552238806,0.208955223880597,0.208955223880597,67
num_lab_procedures,79,0.6222222222222222,0.7777777777777778,0.6666666666666666,0.7037037037037037,0.7700094150504145,0.691358024691358,0.6481481481481481,0.37333333333333335,0.29333333333333333,0.10666666666666667,0.22666666666666666,75
num_lab_procedures,80,0.775,0.7560975609756098,0.6984126984126984,0.707608695652174,0.7987909798742726,0.7654320987654321,0.7711442786069652,0.49206349206349204,0.20634920634920634,0.15873015873015872,0.14285714285714285,63
num_lab_procedures,81,0.7142857142857143,0.4838709677419355,0.5686274509803921,0.646031746031746,0.5678744426337063,0.5769230769230769,0.6521739130434783,0.29411764705882354,0.27450980392156865,0.3137254901960784,0.11764705882352941,51
num_lab_procedures,82,0.6470588235294118,0.5238095238095238,0.5555555555555556,0.6099071207430341,0.6020024351293701,0.5789473684210527,0.6179775280898876,0.3055555555555556,0.25,0.2777777777777778,0.16666666666666666,36
num_lab_procedures,83,0.6666666666666666,0.48,0.5581395348837209,0.7155555555555556,0.7314456284987843,0.5581395348837209,0.6185567010309279,0.27906976744186046,0.27906976744186046,0.3023255813953488,0.13953488372093023,43
num_lab_procedures,84,0.7777777777777778,0.4666666666666667,0.5833333333333334,0.7259259259259259,0.6718643012760659,0.5833333333333334,0.6862745098039216,0.2916666666666667,0.2916666666666667,0.3333333333333333,0.08333333333333333,24
num_lab_procedures,85,0.6842105263157895,0.6842105263157895,0.6470588235294118,0.7298245614035087,0.8015351770303198,0.6842105263157895,0.6842105263157895,0.38235294117647056,0.2647058823529412,0.17647058823529413,0.17647058823529413,34
num_lab_procedures,86,0.5,0.6153846153846154,0.5357142857142857,0.578125,0.6370335722391642,0.5517241379310345,0.5194805194805194,0.2857142857142857,0.25,0.17857142857142858,0.2857142857142857,28
num_lab_procedures,87,0.5,0.5,0.6363636363636364,0.5714285714285714,0.6846590909090909,0.5,0.5,0.18181818181818182,0.45454545454545453,0.18181818181818182,0.18181818181818182,11
num_lab_procedures,88,0.631578947368421,0.7058823529411765,0.6470588235294118,0.7614035087719299,0.8202291753988336,0.6666666666666666,0.6451612903225806,0.35294117647058826,0.29411764705882354,0.14705882352941177,0.20588235294117646,34
num_lab_procedures,89,0.8,0.6666666666666666,0.7,0.6799999999999999,0.696190476190476,0.7272727272727273,0.7692307692307693,0.4,0.3,0.2,0.1,10
num_lab_procedures,90,0.5,0.6666666666666666,0.7272727272727273,0.6428571428571429,0.7071428571428571,0.5714285714285714,0.5263157894736842,0.18181818181818182,0.5454545454545454,0.09090909090909091,0.18181818181818182,11
num_lab_procedures,91,0.6666666666666666,0.6666666666666666,0.8461538461538461,0.8333333333333333,0.7916666666666666,0.6666666666666666,0.6666666666666666,0.15384615384615385,0.6923076923076923,0.07692307692307693,0.07692307692307693,13
num_lab_procedures,92,1.0,1.0,1.0,1.0,1.0,1.0,1.0,0.5,0.5,0.0,0.0,4
num_lab_procedures,93,0.8571428571428571,0.6666666666666666,0.6923076923076923,0.7380952380952381,0.8083333333333333,0.75,0.8108108108108109,0.46153846153846156,0.23076923076923078,0.23076923076923078,0.07692307692307693,13
num_lab_procedures,94,0.25,0.25,0.5,0.375,0.31858766233766234,0.25,0.25,0.08333333333333333,0.4166666666666667,0.25,0.25,12
num_lab_procedures,95,0.5,1.0,0.7142857142857143,0.9166666666666667,0.95,0.6666666666666666,0.5555555555555556,0.2857142857142857,0.42857142857142855,0.0,0.2857142857142857,7
num_lab_procedures,96,0.6666666666666666,0.6666666666666666,0.6,0.6666666666666666,0.8666666666666667,0.6666666666666666,0.6666666666666666,0.4,0.2,0.2,0.2,5
num_lab_procedures,97,0.4,0.6666666666666666,0.3333333333333333,0.4,0.8766666666666667,0.5,0.43478260869565216,0.3333333333333333,0.0,0.16666666666666666,0.5,6
num_lab_procedures,98,1.0,1.0,1.0,1.0,1.0,1.0,1.0,0.3333333333333333,0.6666666666666666,0.0,0.0,3
num_lab_procedures,99,0.0,0.0,0.6666666666666666,0.5,0.5,0.0,0.0,0.0,0.6666666666666666,0.0,0.3333333333333333,3
num_lab_procedures,100,0.0,0.0,1.0,,0.0,0.0,0.0,0.0,1.0,0.0,0.0,1
num_lab_procedures,101,0.0,0.0,1.0,,0.0,0.0,0.0,0.0,1.0,0.0,0.0,1
num_lab_procedures,102,0.0,0.0,0.0,,0.0,0.0,0.0,0.0,0.0,1.0,0.0,1
num_lab_procedures,103,1.0,1.0,1.0,1.0,1.0,1.0,1.0,0.5,0.5,0.0,0.0,2
num_lab_procedures,106,0.5,0.5,0.5,0.75,0.8333333333333333,0.5,0.5,0.25,0.25,0.25,0.25,4
num_lab_procedures,108,1.0,1.0,1.0,,1.0,1.0,1.0,1.0,0.0,0.0,0.0,1
num_lab_procedures,109,0.0,0.0,0.0,,0.0,0.0,0.0,0.0,0.0,1.0,0.0,1
num_lab_procedures,113,1.0,1.0,1.0,1.0,1.0,1.0,1.0,0.5,0.5,0.0,0.0,2
num_lab_procedures,126,0.0,0.0,0.0,,0.0,0.0,0.0,0.0,0.0,1.0,0.0,1
num_procedures,0,0.5985806165446884,0.6494225216554379,0.6420902716914987,0.6981170564022181,0.6919120080077832,0.6229659549913444,0.6081020187454939,0.29568361086765993,0.34640666082383875,0.15961875547765117,0.19829097283085012,9128
num_procedures,1,0.552755905511811,0.6532258064516129,0.6481296758104739,0.6987079881048122,0.6662569030131644,0.5988058003980665,0.5702989601386482,0.2625935162094763,0.3855361596009975,0.1394014962593516,0.21246882793017458,4010
num_procedures,2,0.5609090909090909,0.6367389060887513,0.6556701030927835,0.7218758147512865,0.6730796977279744,0.5964233929434509,0.5745948966287949,0.25443298969072164,0.40123711340206186,0.14515463917525773,0.19917525773195877,2425
num_procedures,3,0.5148986889153755,0.6371681415929203,0.6639217704580546,0.7213750842099809,0.6509231579266304,0.5695451549110085,0.5354486861675756,0.22233659289758106,0.4415851775604735,0.12660833762223367,0.2094698919197118,1943
num_procedures,4,0.5064599483204134,0.6447368421052632,0.6366950182260024,0.6769255387241306,0.646271566232277,0.5672937771345875,0.5291576673866091,0.23815309842041313,0.3985419198055893,0.13122721749696234,0.23207776427703525,823
num_procedures,5,0.4600760456273764,0.6612021857923497,0.6611295681063123,0.7022107069551465,0.6650119455136769,0.5426008968609866,0.4898785425101215,0.2009966777408638,0.4601328903654485,0.10299003322259136,0.23588039867109634,602
num_procedures,6,0.3611111111111111,0.5306122448979592,0.6321961620469083,0.662980584390619,0.5540939657352483,0.4297520661157025,0.3857566765578635,0.13859275053304904,0.4936034115138593,0.12260127931769722,0.24520255863539445,938
num_medications,1,0.21428571428571427,0.6,0.717391304347826,0.6517857142857142,0.4943120742859285,0.3157894736842105,0.2459016393442623,0.06521739130434782,0.6521739130434783,0.043478260869565216,0.2391304347826087,46
num_medications,2,0.27586206896551724,0.6153846153846154,0.7291666666666666,0.6345856922285126,0.5343567577733477,0.38095238095238093,0.31007751937984496,0.08333333333333333,0.6458333333333334,0.052083333333333336,0.21875,96
num_medications,3,0.25,0.6521739130434783,0.6988636363636364,0.6935344827586206,0.603702764960328,0.3614457831325301,0.28517110266159695,0.08522727272727272,0.6136363636363636,0.045454545454545456,0.2556818181818182,176
num_medications,4,0.24210526315789474,0.71875,0.6988847583643123,0.6710223835450696,0.5863265728870966,0.36220472440944884,0.279126213592233,0.08550185873605948,0.6133828996282528,0.03345724907063197,0.26765799256505574,269
num_medications,5,0.2802547770700637,0.6111111111111112,0.6594202898550725,0.6859649557609855,0.5699389714995567,0.38427947598253276,0.3142857142857143,0.10628019323671498,0.5531400966183575,0.06763285024154589,0.27294685990338163,414
num_medications,6,0.38202247191011235,0.6181818181818182,0.696,0.687242654756089,0.5609723429835547,0.4722222222222222,0.41362530413625304,0.136,0.56,0.084,0.22,500
num_medications,7,0.34944237918215615,0.6619718309859155,0.6563944530046225,0.6821267853648992,0.6106889447284461,0.45742092457420924,0.38587848932676516,0.1448382126348228,0.5115562403697997,0.07395993836671803,0.2696456086286595,649
num_medications,8,0.3516819571865443,0.5203619909502263,0.6159420289855072,0.6465173628278611,0.5397203472034915,0.4197080291970803,0.3760627861347286,0.1388888888888889,0.47705314009661837,0.1280193236714976,0.2560386473429952,828
num_medications,9,0.4346846846846847,0.6411960132890365,0.6402805611222445,0.6832089309526133,0.636548393606014,0.5181208053691275,0.46461242176215695,0.1933867735470942,0.4468937875751503,0.10821643286573146,0.251503006012024,998
num_medications,10,0.4748858447488584,0.6265060240963856,0.66189111747851,0.6958746654070225,0.6265687826377541,0.5402597402597402,0.4990403071017274,0.19866284622731614,0.46322827125119387,0.11843361986628462,0.21967526265520534,1047
num_medications,11,0.5526315789473685,0.6247139588100686,0.6604938271604939,0.6990542763157894,0.6548241656420597,0.5864661654135338,0.5656858682138417,0.24074074074074073,0.41975308641975306,0.14462081128747795,0.1948853615520282,1134
num_medications,12,0.5155482815057283,0.6494845360824743,0.6161449752883031,0.6742827054036962,0.6831515544008057,0.5748175182481752,0.5377261864117446,0.25947281713344317,0.35667215815486,0.1400329489291598,0.24382207578253706,1214
num_medications,13,0.5424610051993067,0.6493775933609959,0.6436213991769547,0.7103491739241455,0.6833731533040607,0.591123701605288,0.5609318996415771,0.25761316872427986,0.3860082304526749,0.1390946502057613,0.21728395061728395,1215
num_medications,14,0.6069246435845214,0.6260504201680672,0.6571164510166358,0.711914287978882,0.6653239007005334,0.6163391933815926,0.610655737704918,0.2754158964879852,0.38170055452865065,0.1645101663585952,0.17837338262476896,1082
num_medications,15,0.6110183639398998,0.6691042047531993,0.6500422654268808,0.7081665790015321,0.703759455367358,0.6387434554973822,0.6218144750254841,0.30938292476754015,0.34065934065934067,0.1530008453085376,0.19695688926458157,1183
num_medications,16,0.6204379562043796,0.6476190476190476,0.6246418338108882,0.6919166800754795,0.7018480688253432,0.6337371854613234,0.6256900993743099,0.3247373447946514,0.29990448901623684,0.1766953199617956,0.19866284622731614,1047
num_medications,17,0.6060606060606061,0.6507592190889371,0.642570281124498,0.7071795802334725,0.69512580137969,0.6276150627615062,0.6145022531749283,0.30120481927710846,0.3413654618473896,0.16164658634538154,0.19578313253012047,996
num_medications,18,0.6651884700665188,0.6396588486140725,0.6388261851015802,0.6914086194153477,0.6753787685533422,0.6521739130434783,0.6599208095028597,0.33860045146726864,0.3002257336343115,0.19074492099322798,0.17042889390519186,886
num_medications,19,0.6754807692307693,0.667458432304038,0.6579601990049752,0.7166497323552736,0.7210619250305805,0.6714456391875747,0.6738609112709832,0.34950248756218905,0.30845771144278605,0.17412935323383086,0.16791044776119404,804
num_medications,20,0.668693009118541,0.6214689265536724,0.6473149492017417,0.6979652144545763,0.6712929225167465,0.6442166910688141,0.6586826347305389,0.3193033381712627,0.32801161103047893,0.19448476052249636,0.15820029027576196,689
num_medications,21,0.6656151419558359,0.653250773993808,0.6305084745762712,0.6915681584451301,0.7145064918085087,0.659375,0.6631049654305469,0.3576271186440678,0.27288135593220336,0.18983050847457628,0.17966101694915254,590
num_medications,22,0.6826568265682657,0.6271186440677966,0.6518650088809946,0.6993125410706161,0.6684365508146503,0.6537102473498233,0.6707759245830311,0.3285968028419183,0.32326820603907636,0.19538188277087035,0.152753108348135,563
num_medications,23,0.6223021582733813,0.6407407407407407,0.6062378167641326,0.6524720649012704,0.7030683559534904,0.6313868613138686,0.625904486251809,0.33723196881091616,0.26900584795321636,0.18908382066276802,0.2046783625730994,513
num_medications,24,0.6763285024154589,0.6363636363636364,0.6379310344827587,0.6940985118830869,0.6708032511004458,0.6557377049180327,0.6679389312977099,0.3448275862068966,0.29310344827586204,0.19704433497536947,0.16502463054187191,406
num_medications,25,0.6488095238095238,0.5860215053763441,0.6314363143631436,0.6978796493721867,0.6933473743828177,0.615819209039548,0.6351981351981352,0.2953929539295393,0.33604336043360433,0.2086720867208672,0.15989159891598917,369
num_medications,26,0.6864864864864865,0.7215909090909091,0.6843657817109144,0.7412074412074412,0.7627009016467067,0.703601108033241,0.6932314410480349,0.3746312684365782,0.30973451327433627,0.14454277286135694,0.1710914454277286,339
num_medications,27,0.6622516556291391,0.6802721088435374,0.6722408026755853,0.7299087166636835,0.7343114749480615,0.6711409395973155,0.6657789613848203,0.33444816053511706,0.3377926421404682,0.15719063545150502,0.1705685618729097,299
num_medications,28,0.5725190839694656,0.7009345794392523,0.6286919831223629,0.7001296269624082,0.7239486248293561,0.6302521008403361,0.5942947702060222,0.31645569620253167,0.31223628691983124,0.1350210970464135,0.23628691983122363,237
num_medications,29,0.5728155339805825,0.6145833333333334,0.5759162303664922,0.660856134157105,0.7207791620200713,0.592964824120603,0.5807086614173228,0.3089005235602094,0.2670157068062827,0.193717277486911,0.23036649214659685,191
num_medications,30,0.654320987654321,0.7066666666666667,0.6753246753246753,0.7419245729748013,0.746851784517361,0.6794871794871795,0.6641604010025063,0.34415584415584416,0.33116883116883117,0.14285714285714285,0.18181818181818182,154
num_medications,31,0.5625,0.6923076923076923,0.6153846153846154,0.6902777777777778,0.769343707515668,0.6206896551724138,0.5844155844155844,0.3146853146853147,0.3006993006993007,0.13986013986013987,0.24475524475524477,143
num_medications,32,0.6,0.6842105263157895,0.6106194690265486,0.6794871794871795,0.7416740552312335,0.639344262295082,0.6151419558359621,0.34513274336283184,0.26548672566371684,0.1592920353982301,0.23008849557522124,113
num_medications,33,0.5106382978723404,0.8,0.6627906976744186,0.729405346426623,0.7544654685166037,0.6233766233766234,0.5504587155963303,0.27906976744186046,0.38372093023255816,0.06976744186046512,0.26744186046511625,86
num_medications,34,0.7894736842105263,0.6976744186046512,0.6956521739130435,0.7444821731748726,0.7492608288483187,0.7407407407407407,0.7692307692307693,0.43478260869565216,0.2608695652173913,0.18840579710144928,0.11594202898550725,69
num_medications,35,0.4411764705882353,0.5769230769230769,0.5714285714285714,0.6397058823529412,0.6485702621411721,0.5,0.46296296296296297,0.21428571428571427,0.35714285714285715,0.15714285714285714,0.2714285714285714,70
num_medications,36,0.625,0.8333333333333334,0.7692307692307693,0.7708333333333333,0.8175628009200622,0.7142857142857143,0.6578947368421053,0.28846153846153844,0.4807692307692308,0.057692307692307696,0.17307692307692307,52
num_medications,37,0.7272727272727273,0.6956521739130435,0.74,0.7857142857142856,0.7469523505213771,0.7111111111111111,0.7207207207207207,0.32,0.42,0.14,0.12,50
num_medications,38,0.6086956521739131,0.8235294117647058,0.6842105263157895,0.7739130434782608,0.8084009558821442,0.7,0.6422018348623854,0.3684210526315789,0.3157894736842105,0.07894736842105263,0.23684210526315788,38
num_medications,39,0.3333333333333333,0.6,0.7241379310344828,0.5777777777777777,0.5007622199001509,0.42857142857142855,0.36585365853658536,0.10344827586206896,0.6206896551724138,0.06896551724137931,0.20689655172413793,29
num_medications,40,0.38461538461538464,0.5555555555555556,0.6470588235294118,0.6923076923076923,0.6382956838077516,0.45454545454545453,0.4098360655737705,0.14705882352941177,0.5,0.11764705882352941,0.23529411764705882,34
num_medications,41,0.4666666666666667,0.7,0.56,0.6466666666666667,0.7381645401382243,0.56,0.5,0.28,0.28,0.12,0.32,25
num_medications,42,0.0,0.0,0.5714285714285714,0.5102040816326531,0.36548927263212977,0.0,0.0,0.0,0.5714285714285714,0.09523809523809523,0.3333333333333333,21
num_medications,43,0.42857142857142855,0.8571428571428571,0.7,0.7098214285714286,0.7122091348501123,0.5714285714285714,0.47619047619047616,0.2,0.5,0.03333333333333333,0.26666666666666666,30
num_medications,44,0.5,0.5,0.6,0.7592592592592593,0.723647186147186,0.5,0.5,0.2,0.4,0.2,0.2,15
num_medications,45,0.25,0.5,0.6,0.8333333333333334,0.6791666666666667,0.3333333333333333,0.2777777777777778,0.1,0.5,0.1,0.3,10
num_medications,46,0.2857142857142857,0.5,0.6111111111111112,0.5454545454545454,0.6069291819291819,0.36363636363636365,0.3125,0.1111111111111111,0.5,0.1111111111111111,0.2777777777777778,18
num_medications,47,0.5,1.0,0.9,1.0,1.0,0.6666666666666666,0.5555555555555556,0.1,0.8,0.0,0.1,10
num_medications,48,0.5,0.5,0.7333333333333333,0.7045454545454546,0.56875,0.5,0.5,0.13333333333333333,0.6,0.13333333333333333,0.13333333333333333,15
num_medications,49,0.25,0.6666666666666666,0.5333333333333333,0.7678571428571428,0.7947781385281385,0.36363636363636365,0.2857142857142857,0.13333333333333333,0.4,0.06666666666666667,0.4,15
num_medications,50,0.25,1.0,0.625,0.75,0.8166666666666667,0.4,0.29411764705882354,0.125,0.5,0.0,0.375,8
num_medications,51,1.0,0.3333333333333333,0.7142857142857143,0.6666666666666667,0.3333333333333333,0.5,0.7142857142857143,0.14285714285714285,0.5714285714285714,0.2857142857142857,0.0,7
num_medications,52,0.4,1.0,0.7272727272727273,0.9333333333333333,0.9266666666666665,0.5714285714285714,0.45454545454545453,0.18181818181818182,0.5454545454545454,0.0,0.2727272727272727,11
num_medications,53,0.6666666666666666,1.0,0.9,0.8095238095238095,0.8095238095238095,0.8,0.7142857142857143,0.2,0.7,0.0,0.1,10
num_medications,54,0.0,0.0,0.6666666666666666,0.8333333333333333,0.8333333333333333,0.0,0.0,0.0,0.6666666666666666,0.0,0.3333333333333333,9
num_medications,55,0.0,0.0,0.5,1.0,1.0,0.0,0.0,0.0,0.5,0.0,0.5,4
num_medications,56,0.5,1.0,0.9,1.0,1.0,0.6666666666666666,0.5555555555555556,0.1,0.8,0.0,0.1,10
num_medications,57,0.0,0.0,0.75,1.0,1.0,0.0,0.0,0.0,0.75,0.0,0.25,4
num_medications,58,0.0,0.0,1.0,,0.0,0.0,0.0,0.0,1.0,0.0,0.0,4
num_medications,59,0.0,0.0,1.0,,0.0,0.0,0.0,0.0,1.0,0.0,0.0,1
num_medications,60,1.0,1.0,1.0,1.0,1.0,1.0,1.0,0.2,0.8,0.0,0.0,5
num_medications,61,0.0,0.0,1.0,,0.0,0.0,0.0,0.0,1.0,0.0,0.0,3
num_medications,62,0.5,1.0,0.5,,1.0,0.6666666666666666,0.5555555555555556,0.5,0.0,0.0,0.5,2
num_medications,63,0.0,0.0,1.0,,0.0,0.0,0.0,0.0,1.0,0.0,0.0,3
num_medications,64,0.0,0.0,0.6666666666666666,1.0,1.0,0.0,0.0,0.0,0.6666666666666666,0.0,0.3333333333333333,3
num_medications,65,0.0,0.0,1.0,,0.0,0.0,0.0,0.0,1.0,0.0,0.0,2
num_medications,67,0.0,0.0,0.0,,1.0,0.0,0.0,0.0,0.0,0.0,1.0,1
num_medications,68,0.0,0.0,0.5,,0.0,0.0,0.0,0.0,0.5,0.5,0.0,2
num_medications,70,0.0,0.0,0.0,,1.0,0.0,0.0,0.0,0.0,0.0,1.0,1
num_medications,75,0.0,0.0,1.0,,0.0,0.0,0.0,0.0,1.0,0.0,0.0,1
num_medications,79,0.0,0.0,1.0,,0.0,0.0,0.0,0.0,1.0,0.0,0.0,1
number_outpatient,0,0.4970729111229377,0.6364565587734242,0.6465877853471973,0.6968311602781934,0.6495664213645502,0.558195129239504,0.5198419324316803,0.22325803752838533,0.423329747818812,0.12752479980877257,0.22588741484403013,16734
number_outpatient,1,0.8032085561497326,0.6628420123565755,0.6473520249221184,0.6929140394285258,0.7511352306036461,0.7263056092843327,0.7705725425815719,0.46791277258566977,0.17943925233644858,0.23800623052959502,0.1146417445482866,1605
number_outpatient,2,0.8253164556962025,0.6848739495798319,0.6666666666666666,0.7081747028698424,0.7826836695420866,0.748564867967853,0.7928015564202334,0.4961948249619482,0.1704718417047184,0.228310502283105,0.1050228310502283,657
number_outpatient,3,0.808695652173913,0.6179401993355482,0.6064356435643564,0.6256621689155422,0.6701221221979238,0.7005649717514124,0.7616707616707616,0.4603960396039604,0.14603960396039603,0.28465346534653463,0.10891089108910891,404
number_outpatient,4,0.8721804511278195,0.703030303030303,0.6915887850467289,0.6843033509700176,0.7514322632826995,0.7785234899328859,0.8321377331420373,0.5420560747663551,0.14953271028037382,0.22897196261682243,0.0794392523364486,214
number_outpatient,5,0.75,0.6176470588235294,0.5604395604395604,0.5607142857142857,0.6972705503862132,0.6774193548387096,0.7191780821917808,0.46153846153846156,0.0989010989010989,0.2857142857142857,0.15384615384615385,91
number_outpatient,6,0.896551724137931,0.65,0.6666666666666666,0.7037617554858934,0.7173464634797785,0.7536231884057971,0.8333333333333334,0.5098039215686274,0.1568627450980392,0.27450980392156865,0.058823529411764705,51
number_outpatient,7,0.9444444444444444,0.8095238095238095,0.8076923076923077,0.8055555555555556,0.9106388382381675,0.8717948717948718,0.9139784946236559,0.6538461538461539,0.15384615384615385,0.15384615384615385,0.038461538461538464,26
number_outpatient,8,1.0,0.5,0.6111111111111112,0.7792207792207793,0.7413530913530912,0.6666666666666666,0.8333333333333334,0.3888888888888889,0.2222222222222222,0.3888888888888889,0.0,18
number_outpatient,9,1.0,0.5833333333333334,0.6666666666666666,0.9464285714285714,0.947845804988662,0.7368421052631579,0.875,0.4666666666666667,0.2,0.3333333333333333,0.0,15
number_outpatient,10,1.0,0.625,0.6666666666666666,0.6,0.6961904761904762,0.7692307692307693,0.8928571428571429,0.5555555555555556,0.1111111111111111,0.3333333333333333,0.0,9
number_outpatient,11,0.8571428571428571,0.8571428571428571,0.75,0.7142857142857143,0.9617346938775511,0.8571428571428571,0.8571428571428571,0.75,0.0,0.125,0.125,8
number_outpatient,12,1.0,0.8888888888888888,0.9,0.5,0.7713789682539682,0.9411764705882353,0.975609756097561,0.8,0.1,0.1,0.0,10
number_outpatient,13,1.0,0.8,0.8571428571428571,0.6666666666666667,0.6791666666666667,0.8888888888888888,0.9523809523809523,0.5714285714285714,0.2857142857142857,0.14285714285714285,0.0,7
number_outpatient,14,1.0,0.5,0.5,0.75,0.8333333333333333,0.6666666666666666,0.8333333333333334,0.5,0.0,0.5,0.0,4
number_outpatient,15,1.0,0.5,0.5,1.0,1.0,0.6666666666666666,0.8333333333333334,0.5,0.0,0.5,0.0,2
number_outpatient,16,1.0,0.5,0.5,0.0,0.5,0.6666666666666666,0.8333333333333334,0.5,0.0,0.5,0.0,2
number_outpatient,17,1.0,0.5,0.5,1.0,1.0,0.6666666666666666,0.8333333333333334,0.5,0.0,0.5,0.0,2
number_outpatient,20,1.0,1.0,1.0,,1.0,1.0,1.0,1.0,0.0,0.0,0.0,2
number_outpatient,21,0.0,0.0,0.0,,1.0,0.0,0.0,0.0,0.0,0.0,1.0,1
number_outpatient,22,0.5,1.0,0.5,,1.0,0.6666666666666666,0.5555555555555556,0.5,0.0,0.0,0.5,2
number_outpatient,24,0.0,0.0,0.0,,0.0,0.0,0.0,0.0,0.0,1.0,0.0,1
number_outpatient,33,1.0,1.0,1.0,,1.0,1.0,1.0,1.0,0.0,0.0,0.0,1
number_outpatient,35,1.0,1.0,1.0,,1.0,1.0,1.0,1.0,0.0,0.0,0.0,1
number_outpatient,36,0.0,0.0,0.0,,0.0,0.0,0.0,0.0,0.0,1.0,0.0,1
number_outpatient,37,1.0,1.0,1.0,,1.0,1.0,1.0,1.0,0.0,0.0,0.0,1
number_emergency,0,0.49802220237335715,0.6233828461907044,0.6417060531860372,0.6901587948863692,0.6313652484345512,0.5536955596538516,0.5188917546331995,0.2222538579807528,0.41945219520528443,0.13427481350720347,0.2240191333067593,17561
number_emergency,1,0.836824696802646,0.6560069144338807,0.6405529953917051,0.6515446310828632,0.726528078244643,0.7354651162790697,0.7931034482758621,0.49967083607636603,0.14088215931533904,0.26201448321263987,0.09743252139565503,1519
number_emergency,2,0.9201277955271565,0.7559055118110236,0.7223529411764706,0.6493039707895938,0.8227538638132514,0.829971181556196,0.8818126148193509,0.6776470588235294,0.04470588235294118,0.2188235294117647,0.058823529411764705,425
number_emergency,3,0.941747572815534,0.8220338983050848,0.7938931297709924,0.7555478502080444,0.87838912745933,0.8778280542986425,0.9150943396226415,0.7404580152671756,0.05343511450381679,0.16030534351145037,0.04580152671755725,131
number_emergency,4,0.9807692307692307,0.8360655737704918,0.8253968253968254,0.7220279720279721,0.8615658579258519,0.9026548672566371,0.9479553903345725,0.8095238095238095,0.015873015873015872,0.15873015873015872,0.015873015873015872,63
number_emergency,5,0.9714285714285714,0.7555555555555555,0.7391304347826086,0.625974025974026,0.8513355788045506,0.85,0.918918918918919,0.7391304347826086,0.0,0.2391304347826087,0.021739130434782608,46
number_emergency,6,1.0,0.8333333333333334,0.8333333333333334,0.736,0.9139044663283055,0.9090909090909091,0.9615384615384616,0.8333333333333334,0.0,0.16666666666666666,0.0,30
number_emergency,7,1.0,0.8928571428571429,0.8928571428571429,0.68,0.9551523612087349,0.9433962264150944,0.9765625,0.8928571428571429,0.0,0.10714285714285714,0.0,28
number_emergency,8,1.0,1.0,1.0,,1.0,1.0,1.0,1.0,0.0,0.0,0.0,17
number_emergency,9,1.0,1.0,1.0,,1.0,1.0,1.0,1.0,0.0,0.0,0.0,16
number_emergency,10,1.0,1.0,1.0,,1.0,1.0,1.0,1.0,0.0,0.0,0.0,9
number_emergency,11,1.0,1.0,1.0,,0.9999999999999998,1.0,1.0,1.0,0.0,0.0,0.0,7
number_emergency,12,1.0,1.0,1.0,,1.0,1.0,1.0,1.0,0.0,0.0,0.0,1
number_emergency,13,1.0,1.0,1.0,,1.0,1.0,1.0,1.0,0.0,0.0,0.0,6
number_emergency,15,1.0,1.0,1.0,,1.0,1.0,1.0,1.0,0.0,0.0,0.0,1
number_emergency,18,1.0,1.0,1.0,,1.0,1.0,1.0,1.0,0.0,0.0,0.0,4
number_emergency,20,1.0,1.0,1.0,,1.0,1.0,1.0,1.0,0.0,0.0,0.0,3
number_emergency,21,1.0,1.0,1.0,,1.0,1.0,1.0,1.0,0.0,0.0,0.0,1
number_emergency,42,1.0,1.0,1.0,,1.0,1.0,1.0,1.0,0.0,0.0,0.0,1
number_inpatient,0,0.31187929717341484,0.5697836706210747,0.6372637263726373,0.6596794114250083,0.5352169346829274,0.40311034312515426,0.34292314153716924,0.12248724872487249,0.5147764776477648,0.09248424842484249,0.27025202520252023,13332
number_inpatient,1,0.791287697462901,0.6321223709369025,0.6243954862976894,0.6522943936644194,0.686189389183046,0.7028061224489796,0.7533497402242275,0.44411606663084363,0.18027941966684577,0.2584631918323482,0.11714132186996239,3722
number_inpatient,2,0.9338677354709419,0.688839615668884,0.6698305084745763,0.615501443137848,0.7554830946253528,0.792854104636325,0.8718428437792329,0.631864406779661,0.03796610169491525,0.2854237288135593,0.04474576271186441,1475
number_inpatient,3,0.9855371900826446,0.7476489028213166,0.7431192660550459,0.6611205639280505,0.8435337885753444,0.8502673796791443,0.9265734265734266,0.7293577981651376,0.013761467889908258,0.24617737003058104,0.010703363914373088,654
number_inpatient,4,0.9877551020408163,0.7781350482315113,0.7763975155279503,0.6369997349589187,0.8479969130220049,0.8705035971223022,0.9372579395817195,0.7515527950310559,0.024844720496894408,0.21428571428571427,0.009316770186335404,322
number_inpatient,5,1.0,0.8402777777777778,0.8402777777777778,0.6144448436938557,0.908003184760001,0.9132075471698113,0.9633757961783439,0.8402777777777778,0.0,0.1597222222222222,0.0,144
number_inpatient,6,1.0,0.8554216867469879,0.8554216867469879,0.573943661971831,0.8831371577771383,0.922077922077922,0.9673024523160763,0.8554216867469879,0.0,0.14457831325301204,0.0,83
number_inpatient,7,1.0,0.7959183673469388,0.7959183673469388,0.6051282051282051,0.8414831673077493,0.8863636363636364,0.9512195121951219,0.7959183673469388,0.0,0.20408163265306123,0.0,49
number_inpatient,8,1.0,0.918918918918919,0.918918918918919,0.4019607843137255,0.8820823716262841,0.9577464788732394,0.9826589595375722,0.918918918918919,0.0,0.08108108108108109,0.0,37
number_inpatient,9,1.0,0.8823529411764706,0.8823529411764706,0.65,0.9369894638964198,0.9375,0.974025974025974,0.8823529411764706,0.0,0.11764705882352941,0.0,34
number_inpatient,10,1.0,0.9090909090909091,0.9090909090909091,0.4,0.9263455988455987,0.9523809523809523,0.9803921568627451,0.9090909090909091,0.0,0.09090909090909091,0.0,11
number_inpatient,11,1.0,1.0,1.0,,1.0,1.0,1.0,1.0,0.0,0.0,0.0,3
number_inpatient,12,1.0,1.0,1.0,,1.0,1.0,1.0,1.0,0.0,0.0,0.0,1
number_inpatient,13,1.0,1.0,1.0,,1.0,1.0,1.0,1.0,0.0,0.0,0.0,1
number_inpatient,14,1.0,1.0,1.0,,1.0,1.0,1.0,1.0,0.0,0.0,0.0,1
number_diagnoses,1,0.2857142857142857,0.5,0.8055555555555556,0.7684729064039408,0.4955436209571548,0.36363636363636365,0.3125,0.05555555555555555,0.75,0.05555555555555555,0.1388888888888889,36
number_diagnoses,2,0.27419354838709675,0.7083333333333334,0.7511961722488039,0.706276058810621,0.5541119888432533,0.3953488372093023,0.3125,0.08133971291866028,0.6698564593301436,0.03349282296650718,0.215311004784689,209
number_diagnoses,3,0.2864321608040201,0.6867469879518072,0.6950998185117967,0.7201347647327547,0.599516482089304,0.40425531914893614,0.3242320819112628,0.10344827586206896,0.5916515426497277,0.047186932849364795,0.2577132486388385,551
number_diagnoses,4,0.3609625668449198,0.645933014354067,0.7099165894346617,0.7000948154890583,0.5995643185742762,0.4631217838765009,0.39589442815249265,0.12511584800741427,0.5848007414272475,0.0685820203892493,0.22150139017608897,1079
number_diagnoses,5,0.34478527607361964,0.6444954128440367,0.6955368979231109,0.7082533979595296,0.5991970761413019,0.4492406075139888,0.38014069264069267,0.1241714538223597,0.5713654441007512,0.0684931506849315,0.2359699513919576,2263
number_diagnoses,6,0.47038724373576307,0.6082474226804123,0.6377601585728444,0.6811223674219717,0.6231019228682758,0.5305073859987155,0.49272250059651634,0.20465807730426164,0.43310208126858274,0.13181367690782952,0.23042616451932607,2018
number_diagnoses,7,0.5601577909270217,0.6729857819905213,0.6560266793711291,0.7098469355293177,0.6975388978944903,0.6114101184068891,0.5795918367346938,0.27060505002382085,0.3854216293473082,0.13149118627918055,0.21248213434969032,2099
number_diagnoses,8,0.5515210991167812,0.6534883720930232,0.6394460362941738,0.6938685898167376,0.6874626349267358,0.5981905268759978,0.5692868719611021,0.26838586437440304,0.37106017191977075,0.14231136580706782,0.21824259789875836,2094
number_diagnoses,9,0.6429718875502008,0.6412978169437212,0.6239991571849979,0.6747177094904441,0.6888723908310493,0.6421337611551188,0.6426363745835507,0.33733670459334175,0.2866624525916561,0.18868520859671303,0.1873156342182891,9492
number_diagnoses,10,0.6666666666666666,0.6666666666666666,0.6,0.6666666666666666,0.8055555555555556,0.6666666666666666,0.6666666666666666,0.4,0.2,0.2,0.2,5
number_diagnoses,11,0.3333333333333333,1.0,0.6,0.3333333333333333,0.7,0.5,0.38461538461538464,0.2,0.4,0.0,0.4,5
number_diagnoses,12,1.0,1.0,1.0,,1.0,1.0,1.0,1.0,0.0,0.0,0.0,1
number_diagnoses,13,1.0,0.5,0.6666666666666666,1.0,1.0,0.6666666666666666,0.8333333333333334,0.3333333333333333,0.3333333333333333,0.3333333333333333,0.0,3
number_diagnoses,14,1.0,1.0,1.0,,1.0,1.0,1.0,1.0,0.0,0.0,0.0,2
number_diagnoses,15,1.0,1.0,1.0,1.0,1.0,1.0,1.0,0.6666666666666666,0.3333333333333333,0.0,0.0,3
number_diagnoses,16,0.6666666666666666,0.5,0.6666666666666666,0.7777777777777779,0.7,0.5714285714285714,0.625,0.2222222222222222,0.4444444444444444,0.2222222222222222,0.1111111111111111,9
race,AfricanAmerican,0.5510553337136338,0.644,0.6473571809930593,0.7025851175062519,0.6794058647575192,0.59391331079004,0.5674342105263158,0.2578750667378537,0.38948211425520557,0.14255205552589428,0.21009076348104644,3746
race,Asian,0.4444444444444444,0.5714285714285714,0.7101449275362319,0.7211469534050179,0.6401094078011753,0.5,0.46511627906976744,0.14492753623188406,0.5652173913043478,0.10869565217391304,0.18115942028985507,138
race,Caucasian,0.5757829977628636,0.6472807293303993,0.6443635873593424,0.7003543605685567,0.6782864809209838,0.6094420600858369,0.5887903917643694,0.277474563708645,0.36688902365069737,0.15120274914089346,0.20443366349976416,14841
race,Hispanic,0.46621621621621623,0.5897435897435898,0.6631299734748011,0.723740115661513,0.5765407965306748,0.5207547169811321,0.48660084626234135,0.1830238726790451,0.48010610079575594,0.1273209549071618,0.20954907161803712,377
race,Other,0.34513274336283184,0.5416666666666666,0.624561403508772,0.6540440419839473,0.5017248021344933,0.42162162162162165,0.37213740458015265,0.1368421052631579,0.48771929824561405,0.11578947368421053,0.2596491228070175,285
race,Unknown,0.23684210526315788,0.5901639344262295,0.7074688796680498,0.674920255183413,0.5211305115666786,0.3380281690140845,0.26905829596412556,0.07468879668049792,0.6327800829875518,0.05186721991701245,0.24066390041493776,482
gender,Female,0.5816812053925456,0.6525800711743772,0.6493841306215984,0.7069706823095461,0.6834822779498669,0.6150943396226415,0.5946011673151751,0.2801489544543111,0.3692351761672873,0.1491454215602024,0.20147044781819917,10473
gender,Male,0.5357721694836768,0.6337989591892632,0.644316730523627,0.6972537486267854,0.6610553348736863,0.5806775407779172,0.5528742772494863,0.24627501064282672,0.39804171988080034,0.14229459344401874,0.2133886760323542,9396
age,[0-10),0.0,0.0,0.84375,0.6000000000000001,0.20847826086956522,0.0,0.0,0.0,0.84375,0.0,0.15625,32
age,[10-20),0.47619047619047616,0.7692307692307693,0.704225352112676,0.770745428973277,0.6985805975639326,0.5882352941176471,0.5154639175257731,0.2112676056338028,0.49295774647887325,0.06338028169014084,0.2323943661971831,142
age,[20-30),0.6168831168831169,0.7480314960629921,0.72,0.7940685045948205,0.7720519364494804,0.6761565836298933,0.639300134589502,0.2923076923076923,0.4276923076923077,0.09846153846153846,0.18153846153846154,325
age,[30-40),0.6060606060606061,0.7142857142857143,0.71760391198044,0.7800139254684709,0.7486320371610831,0.6557377049180327,0.625,0.26894865525672373,0.44865525672371637,0.10757946210268948,0.17481662591687042,818
age,[40-50),0.5536105032822757,0.7322720694645442,0.7026078234704113,0.7643569170921469,0.7387210155009972,0.6305295950155764,0.582010582010582,0.25376128385155466,0.44884653961885657,0.09277833500501505,0.2046138415245737,1994
age,[50-60),0.524303305249514,0.6691480562448304,0.6725382616228703,0.7265594620868437,0.6776088598946481,0.5879360465116279,0.5480287223953394,0.23361247473289057,0.4389257868899798,0.11550678602367889,0.21195495235345077,3463
age,[60-70),0.5253071253071253,0.6366885050625373,0.6349316655084549,0.6915484283582443,0.6540401914151972,0.5756596661281637,0.5443527854160302,0.24762566597173963,0.3873059995367153,0.14130182997451934,0.2237665045170257,4317
age,[70-80),0.5884756845116469,0.6112054329371817,0.6186037286790956,0.6608949813109206,0.6450306626273086,0.5996252342286071,0.5928853754940712,0.28560095200317337,0.33300277667592226,0.18167393891312972,0.1997223324077747,5042
age,[80-90),0.6209628275441804,0.6309597523219814,0.623958011732016,0.6776817304384899,0.6694760557796052,0.6259213759213759,0.6229367893385499,0.31460327261500465,0.30935473911701145,0.18400740969435012,0.19203457857363385,3239
age,[90-100),0.30303030303030304,0.4878048780487805,0.5955734406438632,0.587480152697544,0.48223473112536763,0.37383177570093457,0.32786885245901637,0.12072434607645875,0.47484909456740443,0.1267605633802817,0.2776659959758551,497
max_glu_serum,>200,0.6846153846153846,0.664179104477612,0.6600790513833992,0.7093183239524703,0.7206873278459689,0.6742424242424242,0.6804281345565749,0.35177865612648224,0.308300395256917,0.17786561264822134,0.16205533596837945,253
max_glu_serum,>300,0.8282208588957055,0.7258064516129032,0.7030075187969925,0.7518017749717076,0.8348618765931984,0.7736389684813754,0.8054892601431981,0.5075187969924813,0.19548872180451127,0.19172932330827067,0.10526315789473684,266
max_glu_serum,Norm,0.5342465753424658,0.6290322580645161,0.6353944562899787,0.68862100456621,0.6292219601671304,0.5777777777777777,0.5508474576271186,0.24946695095948826,0.3859275053304904,0.14712153518123666,0.21748400852878466,469
max_glu_serum,Unknown,0.5544006326968705,0.6421934301792959,0.6463111064032625,0.7017615552393774,0.6698535901297306,0.5950764006791172,0.5699848995237542,0.2598908956093427,0.3864202107939198,0.1448016524548488,0.20888724114188867,18881
A1Cresult,>7,0.4827586206896552,0.7,0.6561712846347607,0.7334821797734227,0.7022640287006626,0.5714285714285714,0.5147058823529411,0.22921914357682618,0.4269521410579345,0.0982367758186398,0.2455919395465995,794
A1Cresult,>8,0.5653370013755158,0.6431924882629108,0.6614810205351587,0.7043688258096786,0.6640860580156419,0.6017569546120058,0.5793628418381731,0.2557560672059739,0.4057249533291848,0.14187927815805848,0.19663970130678282,1607
A1Cresult,Norm,0.41797752808988764,0.6838235294117647,0.6570576540755467,0.6820445031945364,0.635799333604508,0.5188284518828452,0.45321637426900585,0.1848906560636183,0.4721669980119284,0.08548707753479125,0.25745526838966204,1006
A1Cresult,Unknown,0.5719221909393396,0.640625,0.6445146397764548,0.7021908555814453,0.6754991589110979,0.6043272481406355,0.5844580456162377,0.2714736969991496,0.3730409427773053,0.15229012270684,0.20319523751670515,16462
admission_type_id,Elective_Planned,0.43027098479841375,0.6345029239766082,0.6614668856048166,0.7091864281937054,0.6339263037311111,0.512800315084679,0.4598756710935292,0.1781609195402299,0.48330596606458676,0.10262725779967159,0.23590585659551178,3654
admission_type_id,Emergency_Acute,0.5786615791018491,0.6437551020408163,0.6442801830341429,0.6986311321049562,0.67677847331406,0.6094752299250329,0.5906054342290524,0.2775783174938402,0.3667018655403027,0.15360788454769447,0.2021119324181626,14205
admission_type_id,Other_LowVolume,0.0,0.0,0.5,1.0,1.0,0.0,0.0,0.0,0.5,0.0,0.5,2
admission_type_id,Unknown,0.6318840579710145,0.6566265060240963,0.6399402390438247,0.6978337826633104,0.7008876763086931,0.6440177252584933,0.6366822429906542,0.3256972111553785,0.3142430278884462,0.17031872509960158,0.1897410358565737,2008
discharge_disposition_id,Home,0.5641799626275693,0.652643831060858,0.6545466810577442,0.7146066909882913,0.6835309856749343,0.6051962069231362,0.5799007150877608,0.2647733405288721,0.3897733405288721,0.1409201295196978,0.20453318942255802,14824
discharge_disposition_id,Transferred_Facility,0.5672634271099745,0.6188616071428571,0.6151522778756607,0.6519588410190638,0.6396274680748865,0.5919402188417401,0.576883062838119,0.27913415554996224,0.33601812232569844,0.17191039516737983,0.21293732695695947,3973
discharge_disposition_id,Unknown,0.4745011086474501,0.6275659824046921,0.6604477611940298,0.7031609841790118,0.6321723836849513,0.5404040404040404,0.4988344988344988,0.19962686567164178,0.4608208955223881,0.11847014925373134,0.22108208955223882,1072
admission_source_id,Emergency_Room,0.6125396266290948,0.650945161894067,0.6363717684944986,0.6898861419349351,0.6939801684512893,0.6311586970329371,0.6198538584922474,0.3111190625279542,0.32525270596654443,0.16683066463905538,0.196797566866446,11179
admission_source_id,Referral,0.48092485549132946,0.6258776328986961,0.6531897265948633,0.703617085629789,0.6341544763119229,0.5439093484419264,0.5042831743979311,0.20679370339685169,0.4463960231980116,0.1236122618061309,0.2231980115990058,6035
admission_source_id,Transfer_From_Facility,0.22355769230769232,0.6326530612244898,0.7045454545454546,0.6877347942754919,0.5200185549015002,0.33037300177619894,0.2567642186637217,0.07288401253918496,0.6316614420062696,0.04231974921630094,0.25313479623824453,1276
admission_source_id,Unknown,0.6364985163204748,0.6470588235294118,0.6526468455402465,0.7164193867457961,0.7028261923290722,0.6417352281226627,0.6385829115808276,0.3110949963741842,0.34155184916606235,0.1696881798404641,0.17766497461928935,1379
medical_specialty,Cardiology_Vascular,0.4540636042402827,0.5736607142857143,0.6481351161154116,0.6928667369247618,0.6013066598107235,0.5069033530571992,0.47382005899705015,0.18085855031667838,0.4672765657987333,0.13441238564391272,0.21745249824067558,1421
medical_specialty,Emergency_Acute,0.6419098143236074,0.6393659180977543,0.6326116373477673,0.6944564532438413,0.7132383966493494,0.6406353408338848,0.641399416909621,0.3274695534506089,0.3051420838971583,0.18470906630581868,0.18267929634641408,1478
medical_specialty,Endocrine_Renal_Internal,0.6752577319587629,0.6501240694789082,0.6382113821138211,0.7036008836524301,0.7163979469820034,0.6624525916561315,0.670076726342711,0.35501355013550134,0.28319783197831977,0.1910569105691057,0.17073170731707318,738
medical_specialty,General_Medicine,0.540241448692153,0.6317647058823529,0.6436010182828049,0.6891936703806206,0.6525648522225262,0.5824295010845987,0.5563613758806465,0.2485535755612127,0.3950474427215922,0.14487387178893774,0.21152510992825735,4321
medical_specialty,Mental_Health,0.39705882352941174,0.5510204081632653,0.6612903225806451,0.6901794616151545,0.579739933714248,0.46153846153846156,0.4205607476635514,0.14516129032258066,0.5161290322580645,0.11827956989247312,0.22043010752688172,186
medical_specialty,OB_GYN,0.09375,0.75,0.803921568627451,0.818698347107438,0.5493654203688327,0.16666666666666666,0.11363636363636363,0.0196078431372549,0.7843137254901961,0.006535947712418301,0.1895424836601307,153
medical_specialty,Orthopedics_Rehab,0.1935483870967742,0.6,0.6762360446570973,0.6645948072383949,0.4779503398257714,0.2926829268292683,0.22388059701492538,0.06698564593301436,0.6092503987240829,0.044657097288676235,0.27910685805422647,627
medical_specialty,Other,0.31666666666666665,0.5757575757575758,0.6381578947368421,0.6903985507246376,0.6355826714722312,0.40860215053763443,0.34798534798534797,0.125,0.5131578947368421,0.09210526315789473,0.26973684210526316,152
medical_specialty,Pediatrics,0.4722222222222222,0.7083333333333334,0.7547169811320755,0.7845238095238096,0.6436544353400842,0.5666666666666667,0.5059523809523809,0.16037735849056603,0.5943396226415094,0.0660377358490566,0.1792452830188679,106
medical_specialty,Radiology_Imaging,0.2891566265060241,0.6,0.6376811594202898,0.6158181111542946,0.5251207890317396,0.3902439024390244,0.3225806451612903,0.11594202898550725,0.5217391304347826,0.07729468599033816,0.28502415458937197,207
medical_specialty,Surgery,0.4889589905362776,0.695067264573991,0.6916890080428955,0.7399719103189135,0.6735222356997987,0.5740740740740741,0.5197853789403085,0.20777479892761394,0.4839142091152815,0.09115281501340483,0.21715817694369974,746
medical_specialty,Unknown,0.5941491553358055,0.6560509554140127,0.6422847750154099,0.6997274936337785,0.6889212036576698,0.6235675675675676,0.6055770199899211,0.2962810766385864,0.3460036983768235,0.15533182658722006,0.20238339839737005,9734
diag_1,Circulatory,0.5861201006832075,0.6257197696737045,0.6382508082354943,0.6898637115829359,0.6609779603584905,0.6052729298180468,0.5936339136135188,0.2773523906755147,0.3608984175599796,0.16590096988259315,0.19584822188191253,5877
diag_1,Diabetes,0.6814159292035398,0.6739606126914661,0.6569086651053864,0.711474430942632,0.7174096713656224,0.6776677667766776,0.6799116997792495,0.36065573770491804,0.2962529274004684,0.17447306791569087,0.1686182669789227,1708
diag_1,Digestive,0.5406593406593406,0.6373056994818653,0.6426011264720942,0.7015508939765891,0.6697453246532001,0.5850178359096314,0.557570262919311,0.2519201228878648,0.3906810035842294,0.14336917562724014,0.21402969790066564,1953
diag_1,Genitourinary,0.5355450236966824,0.6330532212885154,0.6449511400651465,0.6967821899723616,0.6460419172374912,0.5802310654685494,0.5525672371638142,0.24538545059717698,0.3995656894679696,0.14223669923995658,0.21281216069489686,921
diag_1,Injury,0.5321252059308073,0.6037383177570094,0.6309523809523809,0.6764947167710944,0.6392088778603038,0.5656742556917689,0.5450556868039149,0.24032738095238096,0.390625,0.15773809523809523,0.2113095238095238,1344
diag_1,Musculoskeletal,0.3569682151589242,0.73,0.688298918387414,0.727914682795007,0.67157796942076,0.4794745484400657,0.39760348583877997,0.14355948869223206,0.5447394296951819,0.05309734513274336,0.2586037364798427,1017
diag_1,Neoplasms,0.31797235023041476,0.5227272727272727,0.6574675324675324,0.6497811348648118,0.5035170829433825,0.3954154727793696,0.345,0.11201298701298701,0.5454545454545454,0.10227272727272728,0.24025974025974026,616
diag_1,Other,0.4791666666666667,0.6707431796801505,0.6473354231974922,0.7108659325524682,0.6706348455335683,0.5589964719717758,0.5081967213114754,0.22351097178683385,0.42382445141065833,0.109717868338558,0.24294670846394983,3190
diag_1,Respiratory,0.6374228923920493,0.6609808102345416,0.6558330482381115,0.7165984074727432,0.7182208253602655,0.6489881367759944,0.6419991716139721,0.31816626753335614,0.33766678070475536,0.16318850496065687,0.18097844680123162,2923
diag_1,Supplementary,0.6280487804878049,0.639751552795031,0.6222222222222222,0.6879744790825393,0.7150832512374553,0.6338461538461538,0.6303549571603427,0.326984126984127,0.29523809523809524,0.18412698412698414,0.19365079365079366,315
diag_1,Unknown,0.0,0.0,0.4,0.5,0.5,0.0,0.0,0.0,0.4,0.2,0.4,5
diag_2,Circulatory,0.604720744680851,0.6434382737884683,0.6444983818770227,0.6986237100393067,0.6781738765145753,0.6234790059982862,0.6120869506696278,0.294336569579288,0.35016181229773463,0.16310679611650486,0.19239482200647248,6180
diag_2,Diabetes,0.4977698483496878,0.6541617819460727,0.6718929254302103,0.7155031066878278,0.6673193427653326,0.5653495440729484,0.5227655986509275,0.21338432122370937,0.45850860420650097,0.11281070745697896,0.2152963671128107,2615
diag_2,Digestive,0.4895833333333333,0.6416382252559727,0.6403823178016727,0.6931337380426785,0.6488763194623713,0.5553914327917282,0.5139420448332422,0.22461170848267623,0.4157706093189964,0.12544802867383512,0.23416965352449223,837
diag_2,External_Cause,0.5294117647058824,0.6206896551724138,0.64,0.7037302725968436,0.681931603662209,0.5714285714285714,0.5454545454545454,0.24,0.4,0.14666666666666667,0.21333333333333335,150
diag_2,Genitourinary,0.5345501955671447,0.6278713629402757,0.6252342286071205,0.6886894656373987,0.6576452201871433,0.5774647887323944,0.5509271701155604,0.2560899437851343,0.36914428482198625,0.15178013741411617,0.22298563397876328,1601
diag_2,Injury,0.37894736842105264,0.5950413223140496,0.6484210526315789,0.6732409972299169,0.6022852276391325,0.4630225080385852,0.4086265607264472,0.15157894736842106,0.4968421052631579,0.1031578947368421,0.24842105263157896,475
diag_2,Musculoskeletal,0.55625,0.6496350364963503,0.6657303370786517,0.7191007653061223,0.6598243051990621,0.5993265993265994,0.5727155727155727,0.25,0.4157303370786517,0.1348314606741573,0.199438202247191,356
diag_2,Neoplasms,0.5170731707317073,0.5408163265306123,0.5909090909090909,0.636518933282718,0.5932556109570941,0.5286783042394015,0.5216535433070866,0.22943722943722944,0.36147186147186144,0.19480519480519481,0.21428571428571427,462
diag_2,Other,0.5557035064358633,0.6673773987206824,0.6530002135383302,0.71500094067535,0.6927620655754572,0.6064422378299831,0.5749448934606907,0.2673499893230835,0.38565022421524664,0.13324791800128122,0.21375186846038863,4683
diag_2,Respiratory,0.6185080264400378,0.6371595330739299,0.6370854740775339,0.6846901568982702,0.6820859103886975,0.6276952563488261,0.6221504559270516,0.3059318075665577,0.33115366651097616,0.1742176553012611,0.18869687062120505,2141
diag_2,Supplementary,0.43283582089552236,0.5918367346938775,0.6221498371335505,0.6899749805883876,0.6221536868303438,0.5,0.45741324921135645,0.18892508143322476,0.43322475570032576,0.13029315960912052,0.247557003257329,307
diag_2,Unknown,0.35714285714285715,0.7142857142857143,0.8225806451612904,0.8318452380952381,0.5882588574173898,0.47619047619047616,0.3968253968253968,0.08064516129032258,0.7419354838709677,0.03225806451612903,0.14516129032258066,62
diag_3,Circulatory,0.5862793139656983,0.6371243818942564,0.6411893163111037,0.6908407678135844,0.6667301725289041,0.6106452788917244,0.5957885750871452,0.2813707374433059,0.3598185788677977,0.1602553334453217,0.19855535024357468,5953
diag_3,Diabetes,0.5164690382081687,0.6533333333333333,0.6596626220775378,0.7145226297505344,0.6698357483727517,0.5768947755702722,0.5390539053905391,0.2320213080793134,0.4276413139982243,0.12311334714412549,0.2172240307783368,3379
diag_3,Digestive,0.6005434782608695,0.6071428571428571,0.6282051282051282,0.6839383706205151,0.6594066745772877,0.6038251366120219,0.6018518518518519,0.2833333333333333,0.34487179487179487,0.18333333333333332,0.18846153846153846,780
diag_3,External_Cause,0.5045871559633027,0.6395348837209303,0.6613545816733067,0.7259981909807469,0.6831895326064579,0.5641025641025641,0.5268199233716475,0.21912350597609562,0.44223107569721115,0.12350597609561753,0.2151394422310757,251
diag_3,Genitourinary,0.6451612903225806,0.6462035541195477,0.6374896779521056,0.7050979750013646,0.6970150525586501,0.645682001614205,0.6453694740238787,0.33030553261767137,0.30718414533443433,0.18084227910817507,0.18166804293971925,1211
diag_3,Injury,0.33986928104575165,0.5306122448979592,0.6058981233243967,0.6633689839572192,0.5527345260516454,0.41434262948207173,0.36619718309859156,0.13941018766756033,0.46648793565683644,0.12332439678284182,0.2707774798927614,373
diag_3,Musculoskeletal,0.5180722891566265,0.6231884057971014,0.649867374005305,0.7103009193170787,0.6392306977594083,0.5657894736842105,0.5361596009975063,0.22811671087533156,0.4217506631299735,0.13793103448275862,0.21220159151193635,377
diag_3,Neoplasms,0.47183098591549294,0.5114503816793893,0.5709876543209876,0.6286178610122272,0.5371109826107465,0.4908424908424908,0.4792560801144492,0.20679012345679013,0.36419753086419754,0.19753086419753085,0.23148148148148148,324
diag_3,Other,0.5335689045936396,0.6637362637362637,0.6506806282722513,0.7017094747774104,0.6860862239341954,0.5915768854064642,0.5553512320706142,0.2529842931937173,0.397696335078534,0.1281675392670157,0.22115183246073297,4775
diag_3,Respiratory,0.637203166226913,0.6616438356164384,0.6364902506963789,0.695863590725477,0.7151199306288194,0.6491935483870968,0.6419457735247209,0.3363509749303621,0.30013927576601673,0.17200557103064068,0.1915041782729805,1436
diag_3,Supplementary,0.5981873111782477,0.6556291390728477,0.6748971193415638,0.7406215366864534,0.6884336498756491,0.6255924170616114,0.6088560885608856,0.2716049382716049,0.40329218106995884,0.14266117969821673,0.18244170096021947,729
diag_3,Unknown,0.24675324675324675,0.6333333333333333,0.7544483985765125,0.6991978609625669,0.5024765748928663,0.35514018691588783,0.28106508875739644,0.06761565836298933,0.6868327402135231,0.03914590747330961,0.20640569395017794,281
weight,Unknown,0.5503789567543469,0.6449843260188087,0.6481500781657114,0.703121058124155,0.6711567300809893,0.5939379360115468,0.567012676832629,0.2573215216258468,0.39082855653986454,0.1416362688900469,0.2102136529442418,19190
weight,[0-25),0.8888888888888888,0.8,0.75,0.8518518518518519,0.9575757575757577,0.8421052631578947,0.8695652173913043,0.6666666666666666,0.08333333333333333,0.16666666666666666,0.08333333333333333,12
weight,[100-125),0.7590361445783133,0.65625,0.6159420289855072,0.624972617743702,0.6904188768271959,0.7039106145251397,0.735981308411215,0.45652173913043476,0.15942028985507245,0.2391304347826087,0.14492753623188406,138
weight,[125-150),0.8,0.7272727272727273,0.7297297297297297,0.7411764705882353,0.7852751232255879,0.7619047619047619,0.7843137254901961,0.43243243243243246,0.2972972972972973,0.16216216216216217,0.10810810810810811,37
weight,[150-175),0.5,0.6,0.4444444444444444,0.6666666666666667,0.8551587301587301,0.5454545454545454,0.5172413793103449,0.3333333333333333,0.1111111111111111,0.2222222222222222,0.3333333333333333,9
weight,[175-200),1.0,0.6666666666666666,0.6666666666666666,0.5,0.8333333333333333,0.8,0.9090909090909091,0.6666666666666666,0.0,0.3333333333333333,0.0,3
weight,[25-50),0.6363636363636364,0.5384615384615384,0.5652173913043478,0.7272727272727273,0.7568669892199305,0.5833333333333334,0.6140350877192983,0.30434782608695654,0.2608695652173913,0.2608695652173913,0.17391304347826086,23
weight,[50-75),0.7701149425287356,0.5583333333333333,0.5680473372781065,0.6274179983179142,0.6594334704561171,0.6473429951690821,0.7158119658119658,0.39644970414201186,0.17159763313609466,0.3136094674556213,0.11834319526627218,169
weight,[75-100),0.8323699421965318,0.6486486486486487,0.6284722222222222,0.6567479266147274,0.7278844533036744,0.7291139240506329,0.787746170678337,0.5,0.1284722222222222,0.2708333333333333,0.10069444444444445,288
payer_code,BC,0.4508670520231214,0.6872246696035242,0.7258403361344538,0.7640073255880502,0.6703138656853591,0.5445026178010471,0.48417132216014896,0.1638655462184874,0.5619747899159664,0.07457983193277311,0.19957983193277312,952
payer_code,CH,0.23076923076923078,0.6,0.5555555555555556,0.6813186813186813,0.6055176271692109,0.3333333333333333,0.2631578947368421,0.1111111111111111,0.4444444444444444,0.07407407407407407,0.37037037037037035,27
payer_code,CM,0.5344827586206896,0.6788321167883211,0.6761658031088082,0.7272283669486013,0.6815323706352652,0.5980707395498392,0.5582232893157263,0.24093264248704663,0.43523316062176165,0.11398963730569948,0.20984455958549222,386
payer_code,CP,0.397196261682243,0.6028368794326241,0.6548507462686567,0.6869158878504673,0.5991884584223162,0.4788732394366197,0.4262788365095286,0.15858208955223882,0.4962686567164179,0.1044776119402985,0.24067164179104478,536
payer_code,DM,0.5625,0.6428571428571429,0.6033057851239669,0.6633771929824561,0.686689811082081,0.6,0.5769230769230769,0.2975206611570248,0.30578512396694213,0.1652892561983471,0.23140495867768596,121
payer_code,HM,0.6002949852507374,0.7280858676207513,0.6778370144706778,0.7469746591410587,0.7410047073178824,0.6580436540016168,0.6221339040048914,0.30997715156131,0.36785986290936784,0.11576542269611577,0.2063975628332064,1313
payer_code,MC,0.601065601065601,0.6241355463347165,0.6260229132569558,0.6780529308691523,0.6711002163593249,0.6123833757421544,0.6055421363392378,0.29541734860883795,0.33060556464811786,0.1779050736497545,0.1960720130932897,6110
payer_code,MD,0.6215277777777778,0.6325088339222615,0.6656200941915228,0.7465974212034384,0.7370039838238497,0.626970227670753,0.6236933797909407,0.28100470957613816,0.38461538461538464,0.16326530612244897,0.17111459968602827,637
payer_code,MP,0.625,0.8333333333333334,0.7647058823529411,0.8472222222222222,0.8918650793650793,0.7142857142857143,0.6578947368421053,0.29411764705882354,0.47058823529411764,0.058823529411764705,0.17647058823529413,17
payer_code,OG,0.5670103092783505,0.7051282051282052,0.675,0.7248523671304175,0.717338228558206,0.6285714285714286,0.5901287553648069,0.275,0.4,0.115,0.21,200
payer_code,OT,0.7,0.875,0.7241379310344828,0.8555555555555555,0.9285026158052476,0.7777777777777778,0.7291666666666666,0.4827586206896552,0.2413793103448276,0.06896551724137931,0.20689655172413793,29
payer_code,PO,0.2631578947368421,0.5,0.6607142857142857,0.6678520625889046,0.4708104221839521,0.3448275862068966,0.29069767441860467,0.08928571428571429,0.5714285714285714,0.08928571428571429,0.25,112
payer_code,SI,0.0,0.0,0.5,0.875,0.9166666666666666,0.0,0.0,0.0,0.5,0.0,0.5,8
payer_code,SP,0.5732838589981447,0.6761487964989059,0.6358381502890174,0.6947401296098692,0.7005356111123362,0.6204819277108434,0.5912743972445464,0.2976878612716763,0.33815028901734107,0.14258188824662812,0.22157996146435452,1038
payer_code,UN,0.5294117647058824,0.6763005780346821,0.6986817325800376,0.7393957086556706,0.6793126564535121,0.5939086294416244,0.5534531693472091,0.22033898305084745,0.4783427495291902,0.10546139359698682,0.1958568738229755,531
payer_code,Unknown,0.540399890440975,0.6374798061389337,0.6418979409131602,0.6919522153896784,0.6503102017361955,0.5849392232434035,0.5573761229447991,0.252334058063691,0.38956388284946925,0.14349661081979792,0.2146054482670418,7819
payer_code,WC,0.2,0.5,0.8484848484848485,0.8071428571428572,0.49964285714285717,0.2857142857142857,0.22727272727272727,0.030303030303030304,0.8181818181818182,0.030303030303030304,0.12121212121212122,33
medical_specialty_te_qbin,"(-0.001, 0.448]",0.43568147013782543,0.6252747252747253,0.6623335943617854,0.6993376814141261,0.6154904503456586,0.5135379061371841,0.46380828170850996,0.17823022709475334,0.4841033672670321,0.10681284259984339,0.23085356303837118,6385
medical_specialty_te_qbin,"(0.448, 0.488]",0.5927960927960928,0.6556380823767725,0.6414864453243985,0.6986863412395328,0.6881807082478495,0.62263546008336,0.6043819245611851,0.29576606762107827,0.34572037770332015,0.15534572037770333,0.20316783429789825,9849
medical_specialty_te_qbin,"(0.488, 1.0]",0.6516058791507894,0.6353503184713376,0.6349381017881706,0.6949489634342398,0.7013034293025118,0.6433754367105616,0.64828856152513,0.3292984869325997,0.30563961485557084,0.1889958734525447,0.17606602475928473,3635
admission_source_id_te_qbin,"(0.24, 0.44]",0.44570664884731037,0.6262910798122066,0.6633758398464281,0.7071385558551349,0.6199516630420713,0.5207886004294359,0.472982555665863,0.1829151240915947,0.4804607157548334,0.10914575620457974,0.22747840394899219,7293
admission_source_id_te_qbin,"(0.44, 0.505]",0.6140157480314961,0.6500500166722241,0.6374213084707945,0.6920294230844954,0.6943086121877415,0.6315192743764172,0.6208994203452449,0.31070204797194995,0.32671926049884453,0.16726432385050602,0.1953143676786995,12549
admission_source_id_te_qbin,"(0.505, 0.662]",0.75,0.7894736842105263,0.6666666666666666,0.6428571428571428,0.8562083774797467,0.7692307692307693,0.7575757575757576,0.5555555555555556,0.1111111111111111,0.14814814814814814,0.18518518518518517,27
admission_type_id_te_qbin,"(-0.001, 0.474]",0.5023069824669333,0.6431666010240252,0.6604788808178639,0.7148058233686422,0.659125552326282,0.5640759930915371,0.5253168628964807,0.21966639763249932,0.44081248318536453,0.12187247780468119,0.21764864137745493,7434
admission_type_id_te_qbin,"(0.474, 0.484]",0.581764705882353,0.6420688162735338,0.6388173581306629,0.6913567462268101,0.6753085136351962,0.6104310256146487,0.5929019623516246,0.28297567954220315,0.3558416785884597,0.15774916547448736,0.2034334763948498,10485
admission_type_id_te_qbin,"(0.484, 0.537]",0.6403162055335968,0.6565349544072948,0.6394871794871795,0.6967899070429895,0.7027615136487388,0.6483241620810405,0.6434955312810328,0.3323076923076923,0.3071794871794872,0.17384615384615384,0.18666666666666668,1950
discharge_disposition_id_te_qbin,"(-0.001, 0.45]",0.5271543601164982,0.6564966929805846,0.6640528905289053,0.7193909295303521,0.6740084847706359,0.5847586469023185,0.5487783128232566,0.23654674046740468,0.4275061500615006,0.123769987699877,0.21217712177121772,13008
discharge_disposition_id_te_qbin,"(0.45, 0.499]",0.5687203791469194,0.6106870229007634,0.6150531456478023,0.6524756953714154,0.6291773211338353,0.588957055214724,0.5766458433445459,0.2757828210284401,0.33927032461936224,0.17581154840563057,0.20913530594656707,3481
discharge_disposition_id_te_qbin,"(0.499, 0.751]",0.6588683351468988,0.6414194915254238,0.6142011834319526,0.6643923003207964,0.7001695819158682,0.6500268384326355,0.6553030303030303,0.35828402366863904,0.2559171597633136,0.20029585798816568,0.18550295857988167,3380
diag_1_te_qbin,"(-0.001, 0.42]",0.3568527918781726,0.6243339253996447,0.6807103721896844,0.7045799847547702,0.5900369058241555,0.4541343669250646,0.39029535864978904,0.13281692801813716,0.5478934441715473,0.07991687133950501,0.2393727564708105,5293
diag_1_te_qbin,"(0.42, 0.471]",0.49615754082612873,0.6333537706928265,0.6455015066724064,0.6875100220147135,0.6367854814162356,0.5564233773229195,0.5186263681092479,0.22234179939733104,0.42315970727507535,0.12871287128712872,0.22578562204046493,4646
diag_1_te_qbin,"(0.471, 0.522]",0.5656847133757962,0.6456156292594275,0.626621432847735,0.6784880353415251,0.6782207089012897,0.6030129429238277,0.5800473508041473,0.28357613250848135,0.3430453003392536,0.15565755338255838,0.21772101376970665,5011
diag_1_te_qbin,"(0.522, 1.0]",0.7470525187566989,0.6556914393226717,0.6328522057328725,0.6811806103257902,0.7325637029263037,0.6983967935871743,0.7267987486965589,0.42508639967473066,0.2077658060581419,0.22321610083350274,0.14393169343362472,4919
diag_2_te_qbin,"(-0.001, 0.433]",0.3480083857442348,0.6446601941747573,0.6766418959630448,0.7066639838292487,0.6009526831106518,0.45200816882232814,0.38328330639575153,0.13336011247238402,0.5432817834906608,0.07350873669411528,0.24984936734283994,4979
diag_2_te_qbin,"(0.433, 0.474]",0.5128314798973481,0.6446236559139785,0.6389891696750902,0.6960019053390845,0.6679043604518373,0.5712243925678895,0.5346949696753478,0.24047332531087043,0.39851584436421983,0.13257119935820297,0.22843963096670677,4986
diag_2_te_qbin,"(0.474, 0.525]",0.5923414439569207,0.6268467707893626,0.6325428957007905,0.6829964160053343,0.671070573352703,0.6091058244462675,0.5989352262644189,0.28629265471370735,0.34625024098708307,0.17042606516290726,0.1970310391363023,5187
diag_2_te_qbin,"(0.525, 1.0]",0.7279693486590039,0.6578947368421053,0.6400254398982405,0.6871192903785411,0.7179329206573588,0.6911604219716261,0.7127851140456183,0.40279838880644475,0.23722705109179562,0.20945516217935128,0.15051939792240832,4717
diag_3_te_qbin,"(-0.001, 0.395]",0.3722596964586847,0.6398550724637682,0.6699900299102692,0.701555286164514,0.6172021654169491,0.470682302771855,0.4062384983437615,0.14672648720505152,0.5232635427052177,0.08258557660352277,0.24742439348620804,6018
diag_3_te_qbin,"(0.395, 0.484]",0.5196437925615506,0.6338658146964856,0.6387002909796314,0.6878321412059072,0.6559132646057533,0.5710995970063327,0.5390718400173894,0.2405431619786615,0.39815712900096994,0.13894277400581959,0.22235693501454898,4124
diag_3_te_qbin,"(0.484, 0.53]",0.6081597960050998,0.6428571428571429,0.6393614786809494,0.6995065675683689,0.6950682116159009,0.6250272985367984,0.6147963567623302,0.3005671077504726,0.3387943709304768,0.16698172652804033,0.19365679479101028,4761
diag_3_te_qbin,"(0.53, 1.0]",0.7116159765481862,0.6525537634408602,0.6333064840918244,0.6779462561507201,0.7013232037160873,0.680806310254163,0.6989634321911892,0.3910592025775272,0.24224728151429722,0.20821586790173177,0.15847764800644382,4966
