,max_glu_serum,A1Cresult,race,gender,age,admission_type_id,discharge_disposition_id,admission_source_id,medical_specialty,diag_1,diag_2,diag_3,sulfonylureas__prescribed,sulfonylureas__change,tzds__prescribed,tzds__change,meglitinides__prescribed,meglitinides__change,alpha_glucosidase__prescribed,alpha_glucosidase__change,metformin__prescribed,metformin__change,insulin__prescribed,insulin__change,metformin,repaglinide,nateglinide,chlorpropamide,glimepiride,acetohexamide,glipizide,glyburide,tolbutamide,pioglitazone,rosiglitazone,acarbose,miglitol,troglitazone,tolazamide,insulin,glyburide-metformin,glipizide-metformin,glimepiride-pioglitazone,metformin-rosiglitazone,metformin-pioglitazone,time_in_hospital,num_lab_procedures,num_procedures,num_medications,number_outpatient,number_emergency,number_inpatient,number_diagnoses,diag_1_te,diag_2_te,diag_3_te,medical_specialty_te,admission_source_id_te,admission_type_id_te,discharge_disposition_id_te,payer_code,weight
max_glu_serum,0.0039263577200472355,4.795002314494923e-05,0.00010122561798198149,8.196654380299151e-05,0.0002418671065242961,0.00015677018382120878,4.2347241105744615e-05,0.0006137693417258561,0.0006077877478674054,0.00020071177277714014,0.00014505225408356637,0.00024115218548104167,6.686601409455761e-05,2.1634898530464852e-06,2.039639002759941e-05,0.0,1.5613304640282877e-06,0.0,0.0,0.0,5.205189518164843e-05,7.33845467948413e-07,7.806787471054122e-05,9.539312304696068e-05,2.2644773707725108e-05,4.462554443307454e-06,0.0,0.0,9.704281183076091e-06,0.0,2.8534865123219788e-05,3.176848258590326e-05,0.0,5.239017809799407e-06,1.3274674529384356e-05,0.0,0.0,0.0,0.0,0.00010001385089708492,0.0,0.0,0.0,0.0,0.0,0.00021970384113956243,0.001076033804565668,9.377163223689422e-05,0.00011720562179107219,0.0005889520980417728,6.189763371367007e-05,0.00022751028882339597,0.0005541061400435865,0.00043913241825066507,0.00027195672737434506,7.599801028845832e-05,0.00011399445793358609,0.00014515037764795125,0.00014572215150110424,0.00031288471654988825,0.0014603773597627878,1.992113539017737e-05
A1Cresult,4.7949964937288314e-05,0.025573724880814552,0.0005416378262452781,0.0007171534234657884,0.0008501735865138471,0.00032049365108832717,0.00034023571060970426,0.0005152554949745536,0.0005055665387772024,0.0008123073494061828,0.0008437744108960032,0.0009745798888616264,0.00025719040422700346,2.516593121981714e-05,0.00024493157980032265,0.0,2.3197719201561995e-05,0.0,3.036850841908745e-07,0.0,0.00018031513900496066,1.9717649593076203e-06,0.0005140105495229363,0.00020784644584637135,0.00014714451390318573,4.532951152214082e-06,0.0,0.0,9.149996003543492e-06,0.0,0.00015911780064925551,3.995766383013688e-05,0.0,0.00010185899736825377,4.030064883409068e-05,0.0,0.0,0.0,0.0,0.0004687367472797632,3.0543851607944816e-06,0.0,0.0,0.0,0.0,0.0004423113714437932,0.0006725859129801393,0.0006463524769060314,0.0008384649991057813,0.0008383714593946934,0.00038749747909605503,0.0034176544286310673,0.0015140294563025236,0.000836744497064501,0.0005323598743416369,0.0005110655911266804,0.0011266430374234915,0.001256593270227313,0.0015374741051346064,0.0014914958737790585,0.0009552583796903491,0.00025178754003718495
race,0.0001012256761896424,0.0005416375934146345,0.024403661489486694,0.0004362099280115217,0.0011107062455266714,0.0005350800347514451,0.0013584272237494588,0.0012799930991604924,0.0012805084697902203,0.0018087844364345074,0.0010316063417121768,0.0008026915602385998,0.0005524591542780399,1.157517090177862e-05,0.0001235032541444525,0.0,5.16396903549321e-06,0.0,0.0,0.0,0.0001439552434021607,3.586559842005954e-06,0.0004498242342378944,0.0006448008352890611,6.704311090288684e-05,1.36940152515308e-05,0.0,0.0,2.8658550945692696e-05,0.0,0.00044092899770475924,9.938771108863875e-05,0.0,0.00010042319627245888,8.991098729893565e-05,0.0,0.0,0.0,0.0,0.0007535035256296396,8.512240015079442e-07,0.0,0.0,0.0,0.0,0.001062103547155857,0.0006725736893713474,0.0005514358635991812,0.000592350319493562,0.000578048056922853,0.0005338093615137041,0.0014302548952400684,0.0007346746861003339,0.0018920769216492772,0.0010292427614331245,0.002146220300346613,0.0020262631587684155,0.0011409702710807323,0.002491680206730962,0.0010619962122291327,0.004486199468374252,7.32667394913733e-05
gender,8.196654380299151e-05,0.0007171534816734493,0.0004362097824923694,0.02439882792532444,0.001963043585419655,0.0003170712443534285,0.0004652505449485034,0.00044252938823774457,0.0013343789614737034,0.0022117800544947386,0.001075306674465537,0.0010179876117035747,0.0004865347873419523,9.018895798362792e-05,0.00012201035133330151,0.0,2.6262760002282448e-05,0.0,1.2214935850352049e-05,0.0,0.00010431132250232622,4.329243893153034e-05,0.0002209778322139755,0.0002638501755427569,0.00011303876817692071,2.8297070457483642e-05,0.0,0.0,3.150419797748327e-05,0.0,9.252679592464119e-05,4.0861257730284706e-05,0.0,0.00010217134695267305,7.742674642940983e-05,0.00017092119378503412,0.0,0.0,0.0,0.0003683071699924767,0.0,0.0,0.0,0.0,0.0,0.00039066775934770703,0.0011970002669841051,0.0005289335385896266,0.0011243063490837812,0.0004580848617479205,0.00022588293359149247,0.0009479805012233555,0.00060127122560516,0.0029130494222044945,0.00092052057152614,0.0005683193448930979,0.0016602803952991962,0.0013995157787576318,0.0015346658183261752,0.001408114330843091,0.0008613893296569586,0.00013636732182931155
age,0.00024186687369365245,0.0008501735865138471,0.0011107061291113496,0.001963043585419655,0.0442536398768425,0.000934025680180639,0.0028488487005233765,0.0015181221533566713,0.001941167050972581,0.0028320373967289925,0.0020504826679825783,0.004273940809071064,0.0008815162582322955,5.594238609774038e-05,0.00037383075687102973,0.0,2.1719106371165253e-05,0.0,0.0,0.0,0.0006597153842449188,6.061664521439525e-07,0.0006998310564085841,0.0003322437696624547,0.0004426911473274231,3.6274053854867816e-05,0.0,0.0,6.705465057166293e-05,0.0,0.00024380510149057955,0.001301852986216545,0.0,0.0001831037807278335,0.00017698317242320627,0.0,0.0,0.0,0.0,0.001054250868037343,1.5482377193620778e-06,0.0,0.0,0.0,0.0,0.0033809193409979343,0.003105520736426115,0.002567213261500001,0.0049898661673069,0.0008100650738924742,0.003696901025250554,0.018358783796429634,0.004204734228551388,0.0025316898245364428,0.0015703752869740129,0.0021821018308401108,0.003572772955521941,0.0054761734791100025,0.004666558932512999,0.005237373523414135,0.0037051138933748007,0.0003393761289771646
admission_type_id,0.0001567701401654631,0.00032049359288066626,0.0005350799765437841,0.00031707118614576757,0.0009340255637653172,0.01042207982391119,0.0007278578705154359,0.00083265540888533,0.0020919209346175194,0.001219320110976696,0.0005288990796543658,0.0005305811064317822,0.0001606066944077611,1.100678105103725e-06,0.00010985352855641395,0.0,5.80416553930263e-06,0.0,0.0,0.0,9.238508937414736e-05,2.304809186171042e-06,0.00030062132282182574,0.00010162662510992959,0.0001660679845372215,2.132748704752885e-06,0.0,0.0,1.2532216715044342e-05,0.0,9.772453631740063e-05,3.4490294638089836e-05,0.0,6.233609019545838e-05,6.293955811997876e-05,0.0,0.0,0.0,0.0,0.0005137954722158611,0.0,0.0,0.0,0.0,0.0,0.00034112774301320314,0.0015757413348183036,0.0005853146431036294,0.0012735080672428012,0.0006380765698850155,0.0003540125035215169,0.0008135942625813186,0.0022827868815511465,0.0026848595589399338,0.00041748027433641255,0.0007868647808209062,0.0003885241167154163,0.0014752920251339674,0.0008254020940512419,0.0006030528456903994,0.001339316600933671,8.364592940779403e-05
discharge_disposition_id,4.234728112351149e-05,0.00034023571060970426,0.0013584269909188151,0.00046525048674084246,0.002848848234862089,0.0007278578705154359,0.006405059248209,0.0004904388333670795,0.0008330294513143599,0.0014170516515150666,0.0011590743670240045,0.001297971117310226,0.0001576149952597916,2.221227805421222e-05,0.0001440967753296718,0.0,1.5211689060379285e-05,0.0,0.0,0.0,0.0007924185483716428,1.4809138519922271e-06,0.00035608233883976936,0.0002548636693973094,0.00037864132900722325,3.4362520295871946e-07,0.0,0.0,4.6857538109179586e-05,0.0,0.00013929561828263104,6.164055230328813e-05,0.0,4.738571078632958e-05,4.595341670210473e-05,0.0,0.0,0.0,0.0,0.00048172398237511516,0.0,0.0,0.0,0.0,0.0,0.0007028118125163019,0.0011439580703154206,0.0009619577322155237,0.0007994366460479796,0.0005851038731634617,0.0019340194994583726,0.00882682017982006,0.0019059901824221015,0.0013570633018389344,0.0006428760243579745,0.001127360388636589,0.0012662807712331414,0.0030204071663320065,0.002029839437454939,0.0015635757008567452,0.0015616306336596608,0.00013007145025767386
admission_source_id,0.000613769399933517,0.0005152554367668927,0.0012799930991604924,0.00044252947554923594,0.0015181225026026368,0.000832655350677669,0.0004904388915747404,0.04096250236034393,0.0022552281152457,0.0016187996370717883,0.0009876146214082837,0.0009718288201838732,0.00020366105309221894,2.7327996576786973e-05,0.00023206743935588747,0.0,1.2411604984663427e-05,0.0,1.2851517112721922e-06,0.0,0.00024765904527157545,8.355522368219681e-06,0.0005840057856403291,0.0002353338204557076,0.00041183491703122854,3.1593053790857084e-06,0.0,0.0,9.447646334592719e-06,0.0,0.00016387448704335839,0.00013031455455347896,0.0,0.00011079977412009612,0.00024407672754023224,0.0,0.0,0.0,0.0,0.0006928659277036786,4.879032985627418e-06,0.0,0.0,0.0,0.0,0.0006461246521212161,0.003330162027850747,0.001712988829240203,0.0024457236286252737,0.0009343567653559148,0.00039936089888215065,0.0015041583683341742,0.001725324778817594,0.00182940938975662,0.0004528682620730251,0.003616469679400325,0.0016195571515709162,0.0027216908056288958,0.0014091285411268473,0.0016295089153572917,0.003827485954388976,0.00030773659818805754
medical_specialty,0.0006077878060750663,0.0005055664805695415,0.0012805084697902203,0.0013343788450583816,0.001941167050972581,0.0020919209346175194,0.0008330296259373426,0.0022552283480763435,0.022775262594223022,0.0020237984135746956,0.001916748471558094,0.0014605800388380885,0.0007944475510157645,2.2272311980486847e-05,0.0005457676597870886,0.0,1.3833150660502724e-05,0.0,0.0,0.0,0.00018579182506073266,2.1854034457646776e-06,0.0008934025536291301,0.00036801298847422004,0.00027458820841275156,1.3562014828494284e-05,0.0,0.0,5.229455200606026e-05,0.0,0.0002735111047513783,0.00011456642096163705,0.0,7.261998689500615e-05,0.0002734059817157686,0.00011350944259902462,0.0,0.0,0.0,0.0009890943765640259,0.0,0.0,0.0,0.0,0.0,0.0006675210897810757,0.004324813839048147,0.0012768522137776017,0.0019157419446855783,0.001310543273575604,0.0005824211402796209,0.003602398792281747,0.002186121651902795,0.0010729465866461396,0.0023011229932308197,0.0033793814945966005,0.0016755432588979602,0.0028610993176698685,0.002654819982126355,0.0022339222487062216,0.007292790338397026,0.00023349978437181562
diag_1,0.0002007118018809706,0.0008123071747832,0.0018087844364345074,0.0022117800544947386,0.002832037629559636,0.0012193199945613742,0.0014170515350997448,0.0016187996370717883,0.002023798180744052,0.04310629144310951,0.0023782604839652777,0.002755333436653018,0.0005729389376938343,1.1565062777663115e-05,0.0007368361693806946,0.0,3.8250655052252114e-05,0.0,0.0,0.0,0.0003204032254870981,3.131806806777604e-05,0.000623379775788635,0.0005419224034994841,0.00028258757083676755,6.615032907575369e-05,0.0,0.0,6.52942544547841e-05,0.0,0.00025828112848103046,0.00016641421825625002,0.0,0.0004012763383798301,0.0002783206873573363,0.0004821167094632983,0.0,0.0,0.0,0.0011675981804728508,1.4879250556987245e-05,0.0,0.0,0.0,0.0,0.001009095343761146,0.00197180500254035,0.0018311114981770515,0.0032269172370433807,0.001579057308845222,0.0014163731830194592,0.005851316265761852,0.0019665625877678394,0.0018610542174428701,0.0019583632238209248,0.00253994925878942,0.0028414882253855467,0.004417967051267624,0.0028333403170108795,0.0047110579907894135,0.0030628875829279423,0.0002228248049505055
diag_2,0.00014505245781037956,0.0008437742362730205,0.0010316064581274986,0.0010753069072961807,0.0020504826679825783,0.0005288991378620267,0.0011590743670240045,0.0009876148542389274,0.001916748471558094,0.002378260251134634,0.03971507027745247,0.0026293075643479824,0.0014143306761980057,2.9052511308691464e-05,0.00039049293263815343,0.0,2.9607823307742365e-05,0.0,0.0,0.0,0.0002707293606363237,6.706291515001794e-06,0.0008325169328600168,0.0003864891186822206,0.00028219056548550725,1.7502909031463787e-05,0.0,0.0,0.00017817677871789783,0.0,0.0005941669223830104,0.0004135236667934805,0.0,0.00016562070231884718,0.0002481381525285542,0.000682084821164608,0.0,0.0,0.0,0.0012983530759811401,1.626351149752736e-05,0.0,0.0,0.0,0.0,0.0011492394842207432,0.0027972273528575897,0.0016327108023688197,0.0022619643714278936,0.0013243294088169932,0.0010745516046881676,0.0045200069434940815,0.0010682635474950075,0.0028337505646049976,0.0017230140510946512,0.0017398891504853964,0.0021659231279045343,0.002697155112400651,0.0035461578518152237,0.004438879434019327,0.003039873205125332,0.0002180472802137956
diag_3,0.00024115228734444827,0.0009745798306539655,0.000802691443823278,0.0010179876117035747,0.004273941740393639,0.0005305809900164604,0.0012979713501408696,0.0009718286455608904,0.0014605799224227667,0.0027553329709917307,0.002629307098686695,0.036772120743989944,0.0007499408675357699,3.597119575715624e-05,0.00046515456051565707,0.0,6.895288606756367e-06,0.0,0.0,0.0,0.00020715370192192495,6.034553280187538e-06,0.0004995400668121874,0.0006069788942113519,0.00026583686121739447,4.632915079127997e-05,0.0,0.0,0.00011572153744054958,0.0,0.00022589816944673657,0.00022630997409578413,0.0,0.00022633641492575407,0.00018098382861353457,0.0002436290233163163,0.0,0.0,0.0,0.0011030103778466582,1.7982698636842542e-06,0.0,0.0,0.0,0.0,0.0013451173435896635,0.0017413232708349824,0.0018085913034155965,0.0016993075842037797,0.0015109762316569686,0.0010161740938201547,0.005767644848674536,0.0017248664516955614,0.002111179754137993,0.0012505267513915896,0.001685668365098536,0.0017552219796925783,0.0036434493958950043,0.004158599767833948,0.003376843174919486,0.002422623336315155,0.00036162068136036396
sulfonylureas__prescribed,6.68660068186e-05,0.0002571904333308339,0.0005524592124857008,0.00048653470003046095,0.0008815164328552783,0.00016060666530393064,0.0001576149952597916,0.00020366125681903213,0.0007944474928081036,0.0005729389959014952,0.001414330443367362,0.0007499411003664136,0.014312826097011566,2.4228551410487853e-05,0.000480237475130707,0.0,1.536993295303546e-05,0.0,0.0,0.0,0.00011034240742446855,2.0317237670042232e-07,0.001929570804350078,0.00037791920476593077,0.00022881064796820283,1.9409650121815503e-05,0.0,0.0,0.00013831518299411982,0.0,2.086141648760531e-05,4.7984351112972945e-05,0.0,0.00030894135124981403,0.00014375182217918336,2.1839305190951563e-05,0.0,0.0,0.0,0.0017512834165245295,0.0,0.0,0.0,0.0,0.0,0.0003960887552239001,0.00041944548138417304,0.0003872865345329046,0.0006500816671177745,0.0006151513080112636,0.0006555396830663085,0.0030656647868454456,0.0004187379963696003,0.00036500487476587296,0.0004996867501176894,0.0005241197650320828,0.0006058578728698194,0.0007202469860203564,0.0008496757363900542,0.0013524293899536133,0.0016225974541157484,7.646790618309751e-05
sulfonylureas__change,2.163485532946652e-06,2.516592212487012e-05,1.1575193639146164e-05,9.018899436341599e-05,5.594237882178277e-05,1.1006660542989266e-06,2.2212243493413553e-05,2.7328085707267746e-05,2.22722883336246e-05,1.1565059139684308e-05,2.9052471290924586e-05,3.597124305088073e-05,2.4228553229477257e-05,0.0007431673002429307,2.8829324946855195e-05,0.0,9.170147450277e-07,0.0,0.0,0.0,0.0,0.0,3.595222005969845e-05,1.3732245861319825e-05,0.0,0.0,0.0,0.0,0.0,0.0,2.358627625653753e-06,2.648595682330779e-06,0.0,0.0,1.0412006304250099e-05,0.0,0.0,0.0,0.0,7.241792445711326e-06,0.0,0.0,0.0,0.0,0.0,1.540961784485262e-05,1.0072646546177566e-05,1.8450868083164096e-05,2.3633680029888637e-05,4.8816682465258054e-06,1.712219454930164e-05,7.44604694773443e-05,4.298701242078096e-06,1.5652429283363745e-05,7.381921932392288e-06,8.59132778714411e-05,3.814587034867145e-05,3.527616718201898e-05,3.341685078339651e-05,1.386601525155129e-06,7.802690379321575e-05,7.879736585891806e-06
tzds__prescribed,2.039633909589611e-05,0.00024493131786584854,0.00012350328324828297,0.00012201031495351344,0.0003738306986633688,0.00010985355038428679,0.00014409678988158703,0.00023206748301163316,0.0005457676597870886,0.0007368360529653728,0.00039049299084581435,0.00046515470603480935,0.00048023759154602885,2.8829324946855195e-05,0.014142663218080997,0.0,1.0761995326902252e-05,0.0,0.0,0.0,3.56148011633195e-05,0.0,0.0008141956059262156,0.0001563495461596176,0.0001270945358555764,9.337335541204084e-06,0.0,0.0,7.652526255697012e-05,0.0,0.0001221893762703985,2.1665227905032225e-05,0.0,2.892517477448564e-05,0.0,0.0,0.0,0.0,0.0,0.0005835311021655798,0.0,0.0,0.0,0.0,0.0,0.00027860491536557674,0.0004197005182504654,0.00022718946274835616,0.0003254518087487668,0.00024638575268909335,0.00025373889366164804,0.001634690328501165,0.000341207894962281,0.0005827756249345839,0.00034463161136955023,0.0002535590610932559,0.0004085643158759922,0.0009645429672673345,0.0005400833324529231,0.0005869163433089852,0.0002956808893941343,0.00014727281813975424
tzds__change,0.0,0.0,0.0,0.0,0.0,0.0,0.0,0.0,0.0,0.0,0.0,0.0,0.0,0.0,0.0,2.1067624402348883e-05,0.0,0.0,0.0,0.0,0.0,0.0,0.0,0.0,0.0,0.0,0.0,0.0,0.0,0.0,0.0,0.0,0.0,0.0,0.0,0.0,0.0,0.0,0.0,0.0,0.0,0.0,0.0,0.0,0.0,0.0,0.0,0.0,0.0,0.0,0.0,0.0,0.0,0.0,0.0,0.0,0.0,0.0,0.0,0.0,0.0,0.0
meglitinides__prescribed,1.5613248933732393e-06,2.319755185453687e-05,5.163989499124e-06,2.6262732717441395e-05,2.1719122742069885e-05,5.804151442134753e-06,1.521168633189518e-05,1.2411630450515077e-05,1.3833134289598092e-05,3.8250629586400464e-05,2.9607832402689382e-05,6.8952799665567e-06,1.536991294415202e-05,9.170146881842811e-07,1.0762011697806884e-05,0.0,0.00044670639908872545,0.0,0.0,0.0,0.0,0.0,1.2627378055185545e-05,4.6178225602488965e-05,4.541489033726975e-06,0.0,0.0,0.0,6.403634529306146e-07,0.0,4.0666018321644515e-06,0.0,0.0,0.0,0.0,0.0,0.0,0.0,0.0,2.2703536160406657e-05,0.0,0.0,0.0,0.0,0.0,8.214601621148176e-06,8.914017598726787e-06,0.0,1.6385665730922483e-05,6.735707756888587e-06,1.8297479982720688e-05,7.695669773966074e-05,1.9271232304163277e-05,5.398683424573392e-05,6.001744623063132e-06,2.2184973204275593e-05,1.5523477486567572e-05,2.021867476287298e-05,6.442746962420642e-05,5.304318619892001e-05,9.553175914334133e-06,7.208967872429639e-06
meglitinides__change,0.0,0.0,0.0,0.0,0.0,0.0,0.0,0.0,0.0,0.0,0.0,0.0,0.0,0.0,0.0,0.0,0.0,0.0,0.0,0.0,0.0,0.0,0.0,0.0,0.0,0.0,0.0,0.0,0.0,0.0,0.0,0.0,0.0,0.0,0.0,0.0,0.0,0.0,0.0,0.0,0.0,0.0,0.0,0.0,0.0,0.0,0.0,0.0,0.0,0.0,0.0,0.0,0.0,0.0,0.0,0.0,0.0,0.0,0.0,0.0,0.0,0.0
alpha_glucosidase__prescribed,0.0,3.0363048608705867e-07,0.0,1.2214944945299067e-05,0.0,0.0,0.0,1.2851895689891535e-06,0.0,0.0,0.0,0.0,0.0,0.0,0.0,0.0,0.0,0.0,0.00029451525188051164,0.0,0.0,0.0,0.0,0.0,1.7450479106173589e-07,0.0,0.0,0.0,0.0,0.0,1.4292902505985694e-07,0.0,0.0,0.0,0.0,0.0,0.0,0.0,0.0,1.1851839190057945e-06,1.740981616649151e-07,0.0,0.0,0.0,0.0,5.304158889885002e-07,0.0,2.4813170966808684e-06,0.0,8.067041790127405e-08,1.5101842620879324e-07,1.8474459295703127e-07,0.0,1.924935730812649e-07,0.0,1.7494596704636933e-06,0.0,0.0,8.060376899265975e-07,1.5464155467270757e-06,8.104405537778803e-07,0.0
alpha_glucosidase__change,0.0,0.0,0.0,0.0,0.0,0.0,0.0,0.0,0.0,0.0,0.0,0.0,0.0,0.0,0.0,0.0,0.0,0.0,0.0,0.0,0.0,0.0,0.0,0.0,0.0,0.0,0.0,0.0,0.0,0.0,0.0,0.0,0.0,0.0,0.0,0.0,0.0,0.0,0.0,0.0,0.0,0.0,0.0,0.0,0.0,0.0,0.0,0.0,0.0,0.0,0.0,0.0,0.0,0.0,0.0,0.0,0.0,0.0,0.0,0.0,0.0,0.0
metformin__prescribed,5.205188426771201e-05,0.00018031509534921497,0.00014395522885024548,0.00010431130067445338,0.0006597154424525797,9.238513302989304e-05,0.0007924186065793037,0.0002476592198945582,0.00018579182506073266,0.000320403283694759,0.00027072944794781506,0.00020715360005851835,0.00011034234921680763,0.0,3.561477569746785e-05,0.0,0.0,0.0,0.0,0.0,0.003597366390749812,9.825857887335587e-07,0.000215697888052091,2.124983620888088e-05,0.0001241799909621477,2.9728894332947675e-06,0.0,0.0,2.6654728571884334e-05,0.0,2.1088682842673734e-05,2.5496590751572512e-05,0.0,2.6048150175483897e-05,2.5304061637143604e-05,0.0,0.0,0.0,0.0,0.0004258192202541977,0.0,0.0,0.0,0.0,0.0,0.0001493054151069373,0.000260637461906299,0.0001656514359638095,0.0002863365225493908,0.001620500348508358,7.44982753531076e-05,0.001061706803739071,0.00016158509242814034,0.00020877740462310612,0.00026114171487279236,0.0002230708341812715,0.00022505366359837353,0.0003200560749974102,0.0006316938670352101,0.00027992858667857945,0.0006834728410467505,0.00029146947781555355
metformin__change,7.33836884592165e-07,1.9717731447599363e-06,3.5866112284566043e-06,4.329244984546676e-05,6.061520707589807e-07,2.3048064576869365e-06,1.4809435242568725e-06,8.355479621968698e-06,2.1853932139492827e-06,3.1318035325966775e-05,6.706319709337549e-06,6.034557372913696e-06,2.0317548887760495e-07,0.0,0.0,0.0,0.0,0.0,0.0,0.0,9.825790812101332e-07,0.00033724584500305355,0.0,1.5811521052455646e-06,8.312111958730384e-07,0.0,0.0,0.0,0.0,0.0,1.758948201313615e-05,0.0,0.0,0.0,3.852545660265605e-07,0.0,0.0,0.0,0.0,6.132443672868249e-07,0.0,0.0,0.0,0.0,0.0,1.2471788068069145e-05,2.686724292289e-05,0.0,1.8371933947491925e-06,6.2432641243503895e-06,5.937740752415266e-06,3.29507420246955e-05,2.3912043616292067e-05,1.842528217821382e-05,1.3715567774852389e-06,3.315080675747595e-06,1.901620294120221e-06,2.9786986488034017e-05,5.4154170356923714e-05,1.3441793953461456e-06,6.135769012871606e-07,1.8861819626181386e-06
insulin__prescribed,7.806788926245645e-05,0.0005140106077305973,0.00044982414692640305,0.0002209777885582298,0.0006998309399932623,0.00030062126461416483,0.00035608233883976936,0.00058400584384799,0.0008934025536291301,0.000623379775788635,0.0008325170492753386,0.0004995400668121874,0.001929570804350078,3.5952212783740833e-05,0.0008141954313032329,0.0,1.2627368960238528e-05,0.0,0.0,0.0,0.0002156979317078367,0.0,0.014177417382597923,8.126463217195123e-05,0.00047972850734367967,5.064444849267602e-06,0.0,0.0,4.302487286622636e-05,0.0,0.00037820840952917933,9.996514563681558e-05,0.0,4.316194826969877e-05,0.0003187802212778479,0.0,0.0,0.0,0.0,6.783898425055668e-05,0.0,0.0,0.0,0.0,0.0,0.00025073523283936083,0.0008049714961089194,0.0003627792466431856,0.0006064737099222839,0.0006378653342835605,0.00014481935068033636,0.0007780775777064264,0.0005613909452222288,0.0010860892944037914,0.0005203276523388922,0.0005054302746430039,0.00047177280066534877,0.0006146520026959479,0.000698496529366821,0.0011509996838867664,0.0028104481752961874,0.00011419627844588831
insulin__change,9.53931303229183e-05,0.00020784650405403227,0.0006448007770814002,0.00026385020464658737,0.0003322437114547938,0.00010162659600609913,0.00025486372760497034,0.00023533400963060558,0.00036801298847422004,0.0005419224034994841,0.0003864888858515769,0.00060697877779603,0.00037791923386976123,1.3732230399909895e-05,0.00015634956071153283,0.0,4.617828017217107e-05,0.0,0.0,0.0,2.1249843484838493e-05,1.5811701814527623e-06,8.126469037961215e-05,0.012254999950528145,2.4921726435422897e-05,9.603940270608291e-06,0.0,0.0,2.615059020172339e-05,0.0,6.871669029351324e-05,8.784769306657836e-06,0.0,2.7397722078603692e-05,5.1541966968216e-05,0.0,0.0,0.0,0.0,0.00017339811893180013,2.474067741786712e-07,0.0,0.0,0.0,0.0,0.0002794889733195305,0.0005293728900142014,0.0002883499546442181,0.0005694146384485066,0.0004451904387678951,0.000254951068200171,0.0008646257338114083,0.00035825109807774425,0.0006909455405548215,0.00018160721811000258,0.0003276148345321417,0.0003093700797762722,0.0004844270588364452,0.00047049077693372965,0.0005684411735273898,0.0006070262752473354,6.853208469692618e-05
metformin,2.2644757336820476e-05,0.0001471444993512705,6.704308179905638e-05,0.0001130388118326664,0.0004426912928465754,0.00016606795543339103,0.00037864132900722325,0.00041183485882356763,0.000274588237516582,0.000282587599940598,0.00028219056548550725,0.0002658369194250554,0.00022881064796820283,0.0,0.00012709455040749162,0.0,4.5414844862534665e-06,0.0,1.7451196754336706e-07,0.0,0.00012418000551406294,8.312115369335515e-07,0.0004797285655513406,2.492173371138051e-05,0.005367938429117203,0.0,0.0,0.0,5.790187969978433e-06,0.0,4.840902693103999e-05,2.6707772121881135e-05,0.0,1.4297680536401458e-05,5.61026026844047e-05,0.0,0.0,0.0,0.0,0.00015620053454767913,4.885918656327704e-07,0.0,0.0,0.0,0.0,0.00014663470210507512,0.0002829335571732372,0.00026345642982050776,0.00025273155188187957,0.0009714723564684391,0.000281708751572296,0.001143337576650083,0.00023137059179134667,0.00029676681151613593,0.00023862555099185556,0.00017711351392790675,0.0002883945417124778,0.0004513562307693064,0.0005760607309639454,0.0004766733036376536,0.0008274849969893694,0.0004620977269951254
repaglinide,4.46254216512898e-06,4.532952061708784e-06,1.3694017980014905e-05,2.8297066819504835e-05,3.6274068406783044e-05,2.1327675767679466e-06,3.435859809997055e-07,3.159308334943489e-06,1.356203301838832e-05,6.615047459490597e-05,1.7502856280771084e-05,4.632915079127997e-05,1.94096483028261e-05,0.0,9.33731826080475e-06,0.0,0.0,0.0,0.0,0.0,2.972885113194934e-06,0.0,5.064398010290461e-06,9.603928447177168e-06,0.0,0.0009397024405188859,0.0,0.0,6.910942715876445e-07,0.0,4.888233888777904e-06,3.6277000958762073e-07,0.0,0.0,0.0,0.0,0.0,0.0,0.0,0.00011427987919887528,0.0,0.0,0.0,0.0,0.0,2.367114029766526e-05,5.9096204495290294e-05,2.3462771423510276e-06,2.469879746058723e-06,4.1963310650317e-05,3.578479299903847e-05,9.609088738216087e-05,4.772180091094924e-06,1.4841997654002625e-05,2.2965565221966244e-05,3.631916479207575e-05,1.1712290870491415e-05,1.1350570275681093e-05,0.0001136252612923272,2.4633861812617397e-06,4.479426934267394e-05,7.863668542995583e-06
nateglinide,0.0,0.0,0.0,0.0,0.0,0.0,0.0,0.0,0.0,0.0,0.0,0.0,0.0,0.0,0.0,0.0,0.0,0.0,0.0,0.0,0.0,0.0,0.0,0.0,0.0,0.0,0.0,0.0,0.0,0.0,0.0,0.0,0.0,0.0,0.0,0.0,0.0,0.0,0.0,0.0,0.0,0.0,0.0,0.0,0.0,0.0,0.0,0.0,0.0,0.0,0.0,0.0,0.0,0.0,0.0,0.0,0.0,0.0,0.0,0.0,0.0,0.0
chlorpropamide,0.0,0.0,0.0,0.0,0.0,0.0,0.0,0.0,0.0,0.0,0.0,0.0,0.0,0.0,0.0,0.0,0.0,0.0,0.0,0.0,0.0,0.0,0.0,0.0,0.0,0.0,0.0,0.0,0.0,0.0,0.0,0.0,0.0,0.0,0.0,0.0,0.0,0.0,0.0,0.0,0.0,0.0,0.0,0.0,0.0,0.0,0.0,0.0,0.0,0.0,0.0,0.0,0.0,0.0,0.0,0.0,0.0,0.0,0.0,0.0,0.0,0.0
glimepiride,9.704273907118477e-06,9.149925062956754e-06,2.865853275579866e-05,3.15041615976952e-05,6.70547378831543e-05,1.2532216715044342e-05,4.685753447120078e-05,9.447699994780123e-06,5.229448652244173e-05,6.529423262691125e-05,0.00017817685147747397,0.00011572150833671913,0.00013831519754603505,0.0,7.65252552810125e-05,0.0,6.403627139661694e-07,0.0,0.0,0.0,2.6654728571884334e-05,0.0,4.302486195228994e-05,2.615057564980816e-05,5.790193426946644e-06,6.910945558047388e-07,0.0,0.0,0.0009179100161418319,0.0,2.5458139134570956e-06,6.9195821197354235e-06,0.0,5.7667813962325454e-05,1.7621017605051748e-06,0.0,0.0,0.0,0.0,4.627789166988805e-05,1.7772418914319132e-07,0.0,0.0,0.0,0.0,4.572889156406745e-05,6.645480607403442e-05,2.8258165912120603e-05,8.912239718483761e-05,0.00036825379356741905,1.9693068679771386e-05,8.104434527922422e-05,3.602307697292417e-05,0.00020551357010845095,5.185264308238402e-05,7.388224912574515e-05,3.6938494304195046e-05,0.00015113565314095467,0.00013896136078983545,9.450232028029859e-05,0.00010213267523795366,2.7990818125545047e-05
acetohexamide,0.0,0.0,0.0,0.0,0.0,0.0,0.0,0.0,0.0,0.0,0.0,0.0,0.0,0.0,0.0,0.0,0.0,0.0,0.0,0.0,0.0,0.0,0.0,0.0,0.0,0.0,0.0,0.0,0.0,0.0,0.0,0.0,0.0,0.0,0.0,0.0,0.0,0.0,0.0,0.0,0.0,0.0,0.0,0.0,0.0,0.0,0.0,0.0,0.0,0.0,0.0,0.0,0.0,0.0,0.0,0.0,0.0,0.0,0.0,0.0,0.0,0.0
glipizide,2.853490695997607e-05,0.00015911780064925551,0.0004409290268085897,9.252678864868358e-05,0.00024380511604249477,9.772457997314632e-05,0.0001392956473864615,0.00016387431242037565,0.00027351107564754784,0.0002582811575848609,0.0005941670970059931,0.00022589814034290612,2.0861420125584118e-05,2.3586310362588847e-06,0.00012218936171848327,0.0,4.066608653374715e-06,0.0,1.4294484174115496e-07,0.0,2.1088653738843277e-05,1.758947837515734e-05,0.0003782083513215184,6.871666118968278e-05,4.840902693103999e-05,4.888233434030553e-06,0.0,0.0,2.545822781030438e-06,0.0,0.0056177894584834576,6.085701170377433e-05,0.0,3.90965687984135e-05,3.604426092351787e-05,0.0,0.0,0.0,0.0,0.0008405492990277708,0.0,0.0,0.0,0.0,0.0,0.00039860891411080956,0.0005146960029378533,0.0002340760693186894,0.00047696352703496814,0.00029449144494719803,0.0011753981234505773,0.0015322030521929264,0.00018224955420009792,0.00020627412595786154,0.0003226565313525498,0.00046005495823919773,0.0002254954306408763,0.0006618576589971781,0.0008404271211475134,0.0009612191934138536,0.0006933822296559811,3.597993418225087e-05
glyburide,3.1768460758030415e-05,3.9957631088327616e-05,9.938770381268114e-05,4.086121407453902e-05,0.0013018528698012233,3.449029827606864e-05,6.164055957924575e-05,0.00013031440903432667,0.00011456642096163705,0.0001664142619119957,0.0004135236667934805,0.00022630997409578413,4.7984351112972945e-05,2.6485938633413753e-06,2.1665224267053418e-05,0.0,0.0,0.0,0.0,0.0,2.5496601665508933e-05,0.0,9.996513108490035e-05,8.784772035141941e-06,2.670777394087054e-05,3.6277415915719757e-07,0.0,0.0,6.919583483977476e-06,0.0,6.085698623792268e-05,0.0012574384454637766,0.0,1.3684916666534264e-05,5.3030122217023745e-05,0.0,0.0,0.0,0.0,0.00034828713978640735,0.0,0.0,0.0,0.0,0.0,9.727480210131034e-05,0.00010035004379460588,9.682608651928604e-05,0.00017079946701414883,6.740954268025234e-05,3.196824400220066e-05,0.0013890492264181376,5.193116521695629e-05,9.339999814983457e-05,8.028851152630523e-05,0.0001976233470486477,0.00019600380619522184,0.0003965146897826344,0.0001570484891999513,0.00017851308803074062,0.0004016739840153605,1.9076016542385332e-05
tolbutamide,0.0,0.0,0.0,0.0,0.0,0.0,0.0,0.0,0.0,0.0,0.0,0.0,0.0,0.0,0.0,0.0,0.0,0.0,0.0,0.0,0.0,0.0,0.0,0.0,0.0,0.0,0.0,0.0,0.0,0.0,0.0,0.0,0.0,0.0,0.0,0.0,0.0,0.0,0.0,0.0,0.0,0.0,0.0,0.0,0.0,0.0,0.0,0.0,0.0,0.0,0.0,0.0,0.0,0.0,0.0,0.0,0.0,0.0,0.0,0.0,0.0,0.0
pioglitazone,5.239041911409004e-06,0.00010185894643655047,0.00010042319627245888,0.00010217134695267305,0.00018310394079890102,6.233612657524645e-05,4.7385718062287197e-05,0.00011079977412009612,7.261996506713331e-05,0.00040127639658749104,0.0001656206586631015,0.0002263365313410759,0.0003089413221459836,0.0,2.892514385166578e-05,0.0,0.0,0.0,0.0,0.0,2.6048148356494494e-05,0.0,4.316192280384712e-05,2.73977257165825e-05,1.4297678717412055e-05,0.0,0.0,0.0,5.766780304838903e-05,0.0,3.9096601540222764e-05,1.3684921214007773e-05,0.0,0.003825942287221551,2.0185794710414484e-05,0.0,0.0,0.0,0.0,0.00012834255176130682,0.0,0.0,0.0,0.0,0.0,0.0001222793507622555,0.0003307783044874668,0.00023717439034953713,0.0001441884523956105,0.00011813252058345824,3.3835134672699496e-05,0.00045932928333058953,5.7034230849239975e-05,0.00012185009836684912,8.570605859858915e-05,0.00010530467989156023,0.0002659058663994074,0.0001626351149752736,0.00015171783161349595,0.0003829128108918667,0.00013346446212381124,3.029383697139565e-05
rosiglitazone,1.3274684533826075e-05,4.030051422887482e-05,8.991098729893565e-05,7.74267828091979e-05,0.00017698317242320627,6.293951446423307e-05,4.595340942614712e-05,0.00024407713499385864,0.0002734059817157686,0.00027832062914967537,0.0002481380361132324,0.00018098406144417822,0.0001437518367310986,1.0411997209303081e-05,0.0,0.0,0.0,0.0,0.0,0.0,2.5304061637143604e-05,3.8525254808519094e-07,0.00031878019217401743,5.154197060619481e-05,5.6102599046425894e-05,0.0,0.0,0.0,1.7620909602555912e-06,0.0,3.604425728553906e-05,5.3030122217023745e-05,0.0,2.018576196860522e-05,0.008581509813666344,0.0,0.0,0.0,0.0,0.0004606122092809528,2.58692216448253e-06,0.0,0.0,0.0,0.0,7.098822970874608e-05,0.0001982439571293071,8.975234959507361e-05,0.00013664660218637437,5.5403495935024694e-05,0.0001720349828246981,0.0016084305243566632,0.0007676903624087572,0.0003659440844785422,0.0001909873535623774,0.00013278808910399675,0.00021689342975150794,0.0004636691010091454,0.0007564321276731789,0.0002722312055993825,0.00031869520898908377,0.00011571696086321026
acarbose,0.0,0.0,0.0,0.00017092112102545798,0.0,0.0,0.0,0.0,0.00011350931890774518,0.00048211641842499375,0.0006820844719186425,0.00024362893600482494,2.1839337932760827e-05,0.0,0.0,0.0,0.0,0.0,0.0,0.0,0.0,0.0,0.0,0.0,0.0,0.0,0.0,0.0,0.0,0.0,0.0,0.0,0.0,0.0,0.0,0.050877343863248825,0.0,0.0,0.0,3.4289161703782156e-05,0.0,0.0,0.0,0.0,0.0,0.00011830183211714029,0.0,0.0,0.0,0.00019835701095871627,0.0,0.0005797792109660804,3.7499990867218e-05,0.00022714810620527714,3.33869356836658e-05,5.1350663852645084e-05,0.000137206501676701,8.714214345673099e-05,0.0007103289826773107,0.0,0.0,2.0346657038317062e-05
miglitol,0.0,0.0,0.0,0.0,0.0,0.0,0.0,0.0,0.0,0.0,0.0,0.0,0.0,0.0,0.0,0.0,0.0,0.0,0.0,0.0,0.0,0.0,0.0,0.0,0.0,0.0,0.0,0.0,0.0,0.0,0.0,0.0,0.0,0.0,0.0,0.0,0.0,0.0,0.0,0.0,0.0,0.0,0.0,0.0,0.0,0.0,0.0,0.0,0.0,0.0,0.0,0.0,0.0,0.0,0.0,0.0,0.0,0.0,0.0,0.0,0.0,0.0
troglitazone,0.0,0.0,0.0,0.0,0.0,0.0,0.0,0.0,0.0,0.0,0.0,0.0,0.0,0.0,0.0,0.0,0.0,0.0,0.0,0.0,0.0,0.0,0.0,0.0,0.0,0.0,0.0,0.0,0.0,0.0,0.0,0.0,0.0,0.0,0.0,0.0,0.0,0.0,0.0,0.0,0.0,0.0,0.0,0.0,0.0,0.0,0.0,0.0,0.0,0.0,0.0,0.0,0.0,0.0,0.0,0.0,0.0,0.0,0.0,0.0,0.0,0.0
tolazamide,0.0,0.0,0.0,0.0,0.0,0.0,0.0,0.0,0.0,0.0,0.0,0.0,0.0,0.0,0.0,0.0,0.0,0.0,0.0,0.0,0.0,0.0,0.0,0.0,0.0,0.0,0.0,0.0,0.0,0.0,0.0,0.0,0.0,0.0,0.0,0.0,0.0,0.0,0.0,0.0,0.0,0.0,0.0,0.0,0.0,0.0,0.0,0.0,0.0,0.0,0.0,0.0,0.0,0.0,0.0,0.0,0.0,0.0,0.0,0.0,0.0,0.0
insulin,0.00010001371992984787,0.00046873692190274596,0.0007535033510066569,0.00036830708268098533,0.001054250868037343,0.0005137954722158611,0.00048172392416745424,0.0006928657530806959,0.0009890944929793477,0.001167598064057529,0.0012983526103198528,0.0011030100286006927,0.0017512836493551731,7.241804269142449e-06,0.0005835311021655798,0.0,2.270354889333248e-05,0.0,1.185178348350746e-06,0.0,0.0004258192202541977,6.133254260021204e-07,6.783898425055668e-05,0.00017339808982796967,0.00015620050544384867,0.00011427988647483289,0.0,0.0,4.6277873479994014e-05,0.0,0.0008405492990277708,0.0003482871106825769,0.0,0.00012834255176130682,0.0004606122965924442,3.4289136237930506e-05,0.0,0.0,0.0,0.025191688910126686,9.091597894439474e-05,0.0,0.0,0.0,0.0,0.00081155716907233,0.001216086558997631,0.0007870362023822963,0.001664489507675171,0.0014121332205832005,0.0004641141858883202,0.0010798913426697254,0.0011217666324228048,0.0012209651758894324,0.0006019251886755228,0.0010522687807679176,0.0010920030763372779,0.0009364107972942293,0.0021038406994193792,0.0021603861823678017,0.003546752268448472,0.00022542286023963243
glyburide-metformin,0.0,3.054562284887652e-06,8.512168960805866e-07,0.0,1.5481973605346866e-06,0.0,0.0,4.879216248809826e-06,0.0,1.4879318769089878e-05,1.6263533325400203e-05,1.7982721374210087e-06,0.0,0.0,0.0,0.0,0.0,0.0,1.7409870167739427e-07,0.0,0.0,0.0,0.0,2.4738673687352275e-07,4.885965267931169e-07,0.0,0.0,0.0,1.777251981138761e-07,0.0,0.0,0.0,0.0,0.0,2.5869474029605044e-06,0.0,0.0,0.0,0.0,9.091618267120793e-05,0.00036053406074643135,0.0,0.0,0.0,0.0,7.059776407913887e-07,0.0,1.2820238225685898e-05,1.3119125696903211e-06,9.529444469080772e-06,1.3279961876833113e-06,1.192078002532071e-06,0.0,2.640582806634484e-06,1.0548380942054791e-06,4.5395638153422624e-05,0.0,2.4041530650720233e-06,1.0678506896510953e-06,1.161032650998095e-05,1.97528388525825e-05,1.5193022591120098e-06
glipizide-metformin,0.0,0.0,0.0,0.0,0.0,0.0,0.0,0.0,0.0,0.0,0.0,0.0,0.0,0.0,0.0,0.0,0.0,0.0,0.0,0.0,0.0,0.0,0.0,0.0,0.0,0.0,0.0,0.0,0.0,0.0,0.0,0.0,0.0,0.0,0.0,0.0,0.0,0.0,0.0,0.0,0.0,0.0,0.0,0.0,0.0,0.0,0.0,0.0,0.0,0.0,0.0,0.0,0.0,0.0,0.0,0.0,0.0,0.0,0.0,0.0,0.0,0.0
glimepiride-pioglitazone,0.0,0.0,0.0,0.0,0.0,0.0,0.0,0.0,0.0,0.0,0.0,0.0,0.0,0.0,0.0,0.0,0.0,0.0,0.0,0.0,0.0,0.0,0.0,0.0,0.0,0.0,0.0,0.0,0.0,0.0,0.0,0.0,0.0,0.0,0.0,0.0,0.0,0.0,0.0,0.0,0.0,0.0,0.0,0.0,0.0,0.0,0.0,0.0,0.0,0.0,0.0,0.0,0.0,0.0,0.0,0.0,0.0,0.0,0.0,0.0,0.0,0.0
metformin-rosiglitazone,0.0,0.0,0.0,0.0,0.0,0.0,0.0,0.0,0.0,0.0,0.0,0.0,0.0,0.0,0.0,0.0,0.0,0.0,0.0,0.0,0.0,0.0,0.0,0.0,0.0,0.0,0.0,0.0,0.0,0.0,0.0,0.0,0.0,0.0,0.0,0.0,0.0,0.0,0.0,0.0,0.0,0.0,0.0,0.0,0.0,0.0,0.0,0.0,0.0,0.0,0.0,0.0,0.0,0.0,0.0,0.0,0.0,0.0,0.0,0.0,0.0,0.0
metformin-pioglitazone,0.0,0.0,0.0,0.0,0.0,0.0,0.0,0.0,0.0,0.0,0.0,0.0,0.0,0.0,0.0,0.0,0.0,0.0,0.0,0.0,0.0,0.0,0.0,0.0,0.0,0.0,0.0,0.0,0.0,0.0,0.0,0.0,0.0,0.0,0.0,0.0,0.0,0.0,0.0,0.0,0.0,0.0,0.0,0.0,0.0,0.0,0.0,0.0,0.0,0.0,0.0,0.0,0.0,0.0,0.0,0.0,0.0,0.0,0.0,0.0,0.0,0.0
time_in_hospital,0.00021970381203573197,0.0004423114296514541,0.001062103547155857,0.0003906677302438766,0.0033809193409979343,0.00034112774301320314,0.0007028118125163019,0.0006461246521212161,0.0006675209733657539,0.001009095343761146,0.0011492394842207432,0.0013451173435896635,0.0003960886097047478,1.5409606930916198e-05,0.0002786048862617463,0.0,8.214563422370702e-06,0.0,5.304063392941316e-07,0.0,0.00014930542965885252,1.2471781701606233e-05,0.0002507351746316999,0.0002794888860080391,0.0001466346875531599,2.367112938372884e-05,0.0,0.0,4.572884427034296e-05,0.0,0.00039860885590314865,9.727480210131034e-05,0.0,0.0001222793507622555,7.0988193328958e-05,0.0001183018903248012,0.0,0.0,0.0,0.00081155716907233,7.0597508283754e-07,0.0,0.0,0.0,0.0,0.013732907362282276,0.0030617087613791227,0.0022534432355314493,0.0013414431596174836,0.0006213486194610596,0.0010987290879711509,0.003294780384749174,0.0007766836788505316,0.0007893264992162585,0.0006953568081371486,0.0008834085310809314,0.001586083322763443,0.002330272225663066,0.0017011542804539204,0.001628950471058488,0.0016002171905711293,0.00015068466018419713
num_lab_procedures,0.001076033804565668,0.0006725859711878002,0.0006725736311636865,0.0011970001505687833,0.003105520736426115,0.0015757413348183036,0.0011439580703154206,0.00333016156218946,0.004324813839048147,0.0019718047697097063,0.002797227120026946,0.0017413230380043387,0.0004194455686956644,1.0072657460113987e-05,0.0004197005764581263,0.0,8.914061254472472e-06,0.0,0.0,0.0,0.00026063743280246854,2.6867252017837018e-05,0.0008049714961089194,0.0005293729482218623,0.00028293338255025446,5.909629908273928e-05,0.0,0.0,6.645480607403442e-05,0.0,0.0005146960611455142,0.0001003500001388602,0.0,0.00033077842090278864,0.0001982439134735614,0.0,0.0,0.0,0.0,0.0012160867918282747,0.0,0.0,0.0,0.0,0.0,0.0030617087613791227,0.018047476187348366,0.001594102825038135,0.0030814423225820065,0.0036501854192465544,0.0011922824196517467,0.0028771269135177135,0.0013109815772622824,0.003376418026164174,0.002245630370453,0.0017515289364382625,0.0024073615204542875,0.004429807420819998,0.0027434055227786303,0.0031051926780492067,0.0027107258792966604,0.0005047076265327632
num_procedures,9.377156675327569e-05,0.0006463525933213532,0.0005514356307685375,0.0005289333057589829,0.0025672130286693573,0.0005853145848959684,0.0009619577322155237,0.001712988829240203,0.0012768524466082454,0.0018311114981770515,0.0016327110351994634,0.0018085910705849528,0.0003872863599099219,1.845082442741841e-05,0.00022718940454069525,0.0,0.0,0.0,2.481316869307193e-06,0.0,0.0001656514359638095,0.0,0.0003627791302278638,0.00028834998374804854,0.00026345642982050776,2.3462432636733865e-06,0.0,0.0,2.8258162274141796e-05,0.0,0.00023407624394167215,9.68261156231165e-05,0.0,0.00023717436124570668,8.975232776720077e-05,0.0,0.0,0.0,0.0,0.0007870362023822963,1.2820222764275968e-05,0.0,0.0,0.0,0.0,0.0022534430027008057,0.0015941029414534569,0.032137785106897354,0.004565491806715727,0.0007182987174019217,0.001407646224834025,0.001220951322466135,0.0019489063415676355,0.0013533580349758267,0.0018899078713729978,0.0016192550538107753,0.0016538520576432347,0.00296790455467999,0.002589136827737093,0.00399576174095273,0.0019243265269324183,0.0002676165022421628
num_medications,0.00011720564361894503,0.0008384649408981204,0.0005923502030782402,0.0011243061162531376,0.004989866632968187,0.0012735078344121575,0.0007994367624633014,0.002445724094286561,0.0019157419446855783,0.0032269172370433807,0.0022619650699198246,0.0016993075842037797,0.0006500818417407572,2.3633636374142952e-05,0.0003254515759181231,0.0,1.6385685739805922e-05,0.0,0.0,0.0,0.0002863366389647126,1.8372885506323655e-06,0.0006064737681299448,0.0005694145220331848,0.00025273143546655774,2.4699065761524253e-06,0.0,0.0,8.912222983781248e-05,0.0,0.00047696338151581585,0.00017079946701414883,0.0,0.00014418837963603437,0.0001366466749459505,0.0,0.0,0.0,0.0,0.0016644897405058146,1.311886080657132e-06,0.0,0.0,0.0,0.0,0.0013414433924481273,0.003081442089751363,0.0045654913410544395,0.05806904286146164,0.0010947028640657663,0.0009653290035203099,0.002700739772990346,0.001335236127488315,0.0018888355698436499,0.0028959603514522314,0.002281433204188943,0.0016038221074268222,0.004188451915979385,0.0021913102827966213,0.0023282209876924753,0.003454244928434491,0.0009584649815224111
number_outpatient,0.0005889525637030602,0.0008383712847717106,0.0005780476494692266,0.0004580850072670728,0.0008100654813461006,0.0006380761624313891,0.0005851044552400708,0.0009343569981865585,0.0013105433899909258,0.0015790564939379692,0.0013243287103250623,0.0015109768137335777,0.000615151016972959,4.881816948909545e-06,0.00024638569448143244,0.0,6.735775059496518e-06,0.0,8.03464672571863e-08,0.0,0.0016205002320930362,6.243475581868552e-06,0.0006378652760758996,0.0004451902350410819,0.0009714719490148127,4.1963216062868014e-05,0.0,0.0,0.00036825353163294494,0.0,0.00029449057183228433,6.740941171301529e-05,0.0,0.00011813246237579733,5.540362690226175e-05,0.00019835708371829242,0.0,0.0,0.0,0.0014121334534138441,9.529105227557011e-06,0.0,0.0,0.0,0.0,0.0006213493761606514,0.0036501847207546234,0.0007182987174019217,0.0010947032133117318,0.09067458659410477,0.001161517109721899,0.003315392415970564,0.0011644273763522506,0.0016703767469152808,0.0013132316526025534,0.0018620796035975218,0.0006762017728760839,0.0023267220240086317,0.00228225439786911,0.001358301262371242,0.0034774725791066885,0.0003704153641592711
number_emergency,6.189791747601703e-05,0.00038749747909605503,0.0005338090704753995,0.00022588262800127268,0.0036969012580811977,0.00035401247441768646,0.0019340201979503036,0.00039936054963618517,0.0005824213149026036,0.001416373299434781,0.0010745523031800985,0.0010161735117435455,0.0006555393920280039,1.712111770757474e-05,0.00025373935932293534,0.0,1.8297329006600194e-05,0.0,1.515585097422445e-07,0.0,7.449814438587055e-05,5.937687092227861e-06,0.00014481946709565818,0.0002549512719269842,0.00028170872246846557,3.578463656594977e-05,0.0,0.0,1.9692837668117136e-05,0.0,0.0011753978906199336,3.196806937921792e-05,0.0,3.383480361662805e-05,0.00017203362949658185,0.0,0.0,0.0,0.0,0.0004641141858883202,1.3279602626425913e-06,0.0,0.0,0.0,0.0,0.001098728971555829,0.0011922830017283559,0.0014076459920033813,0.0009653284214437008,0.0011615175753831863,0.08439578115940094,0.005427933298051357,0.0013925704406574368,0.001181065570563078,0.000785103184171021,0.000555310514755547,0.002229616278782487,0.0025543412193655968,0.0016250619664788246,0.0014102464774623513,0.002556462772190571,0.0005819046054966748
number_inpatient,0.0002275102597195655,0.0034176544286310673,0.0014302534982562065,0.0009479805012233555,0.018358776345849037,0.0008135938551276922,0.008826815523207188,0.0015041572041809559,0.003602398792281747,0.005851313937455416,0.0045200069434940815,0.005767643451690674,0.0030656626913696527,7.446019299095497e-05,0.001634688931517303,0.0,7.695660315221176e-05,0.0,1.8785129896059516e-07,0.0,0.0010617072694003582,3.295084025012329e-05,0.00077807781053707,0.0008646253845654428,0.001143336296081543,9.609142580302432e-05,0.0,0.0,8.104326843749732e-05,0.0,0.0015322035178542137,0.0013890480622649193,0.0,0.00045932931243442,0.001608432037755847,0.000579778803512454,0.0,0.0,0.0,0.0010798900621011853,1.192531271954067e-06,0.0,0.0,0.0,0.0,0.003294779220595956,0.0028771255165338516,0.0012209503911435604,0.0027007381431758404,0.003315392415970564,0.005427930504083633,0.32787227630615234,0.006451321300119162,0.003288652515038848,0.002179994247853756,0.002013816498219967,0.009998990222811699,0.0060316636227071285,0.0051548113115131855,0.00637911818921566,0.005242974031716585,0.0021935799159109592
number_diagnoses,0.0005541060236282647,0.0015140296891331673,0.000734674627892673,0.00060127122560516,0.004204734228551388,0.002282786648720503,0.0019059906480833888,0.0017253246624022722,0.002186121419072151,0.0019665625877678394,0.0010682637803256512,0.001724866102449596,0.00041873787995427847,4.298674411984393e-06,0.0003412076912354678,0.0,1.9271221390226856e-05,0.0,0.0,0.0,0.00016158499056473374,2.3912123651825823e-05,0.0005613908870145679,0.00035825109807774425,0.00023137043172027916,4.772178272105521e-06,0.0,0.0,3.60230915248394e-05,0.0,0.00018224961240775883,5.193119068280794e-05,0.0,5.703412170987576e-05,0.0007676907698623836,3.7500125472433865e-05,0.0,0.0,0.0,0.0011217668652534485,0.0,0.0,0.0,0.0,0.0,0.0007766839116811752,0.0013109815772622824,0.0019489061087369919,0.0013352360110729933,0.001164427027106285,0.001392571022734046,0.006451324559748173,0.0480063371360302,0.002180711831897497,0.002263191156089306,0.002397260395810008,0.0020436737686395645,0.0036466934252530336,0.0019863578490912914,0.0015860740095376968,0.005296503659337759,0.0005156983970664442
diag_1_te,0.00043913236004300416,0.0008367443224415183,0.0018920775037258863,0.002913048956543207,0.0025316905230283737,0.0026848595589399338,0.0013570627197623253,0.0018294090405106544,0.0010729465866461396,0.0018610538681969047,0.0028337500989437103,0.0021111799869686365,0.0003650047874543816,1.565237107570283e-05,0.000582775566726923,0.0,5.3986947023076937e-05,0.0,1.9244988891387038e-07,0.0,0.00020877733186352998,1.8425340385874733e-05,0.001086089527234435,0.0006909455405548215,0.0002967668406199664,1.4841985830571502e-05,0.0,0.0,0.0002055133372778073,0.0,0.00020627408230211586,9.339996904600412e-05,0.0,0.00012185020750621334,0.00036594385164789855,0.00022714788792654872,0.0,0.0,0.0,0.0012209652923047543,2.6406139568280196e-06,0.0,0.0,0.0,0.0,0.0007893266738392413,0.003376418026164174,0.0013533574528992176,0.0018888359190896153,0.001670376630499959,0.0011810652213171124,0.0032886513508856297,0.002180712763220072,0.0634860247373581,0.0017790042329579592,0.003200408536940813,0.001421942375600338,0.002815418178215623,0.003175443736836314,0.002743301447480917,0.007574392016977072,0.00046474565169773996
diag_2_te,0.00027195707662031054,0.0005323596415109932,0.0010292427614331245,0.0009205210953950882,0.0015703750541433692,0.0004174800997134298,0.0006428764900192618,0.0004528684075921774,0.0023011229932308197,0.0019583639223128557,0.0017230139346793294,0.0012505266349762678,0.0004996866919100285,7.381940577033674e-06,0.0003446314949542284,0.0,6.001580004522111e-06,0.0,0.0,0.0,0.00026114180218428373,1.3715246041101636e-06,0.000520327826961875,0.0001816071744542569,0.00023862610396463424,2.2965468815527856e-05,0.0,0.0,5.1852475735358894e-05,0.0,0.0003226565313525498,8.028862066566944e-05,0.0,8.570641512051225e-05,0.00019098742632195354,3.338812166475691e-05,0.0,0.0,0.0,0.0006019247812218964,1.0548264981480315e-06,0.0,0.0,0.0,0.0,0.0006953564588911831,0.002245630370453,0.0018899078713729978,0.0028959603514522314,0.0013132313033565879,0.0007851037080399692,0.0021799930837005377,0.0022631909232586622,0.0017790037672966719,0.05012064799666405,0.00301771005615592,0.001601555966772139,0.0023452602326869965,0.002870197407901287,0.0015871321083977818,0.0030188290402293205,0.00044833417632617056
diag_3_te,7.599801756441593e-05,0.0005110654747113585,0.0021462200675159693,0.0005683194031007588,0.0021821018308401108,0.0007868647808209062,0.0011273601558059454,0.0036164699122309685,0.0033793807961046696,0.0025399494916200638,0.0017398889176547527,0.0016856680158525705,0.000524119648616761,8.591321966378018e-05,0.0002535591193009168,0.0,2.2184893168741837e-05,0.0,1.7493698578618933e-06,0.0,0.00022307090694084764,3.3150788567581913e-06,0.0005054301000200212,0.0003276148927398026,0.0001771134411683306,3.631917206803337e-05,0.0,0.0,7.388235098915175e-05,0.0,0.00046005481272004545,0.00019762331794481725,0.0,0.00010530467261560261,0.00013278804544825107,5.135058017913252e-05,0.0,0.0,0.0,0.0010522687807679176,4.539579094853252e-05,0.0,0.0,0.0,0.0,0.0008834087639115751,0.001751529285684228,0.0016192554030567408,0.002281433204188943,0.0018620794871822,0.000555309874471277,0.0020138160325586796,0.002397260395810008,0.0032004080712795258,0.003017709357663989,0.022909674793481827,0.001202224986627698,0.003027799306437373,0.0015064802719280124,0.0015106303617358208,0.003384983167052269,0.0002633269177749753
medical_specialty_te,0.00011399452341720462,0.0011266430374234915,0.0020262631587684155,0.00166028062812984,0.003572772955521941,0.00038852423313073814,0.001266280421987176,0.0016195570351555943,0.0016755432588979602,0.0028414882253855467,0.0021659228950738907,0.0017552223289385438,0.0006058576400391757,3.814583033090457e-05,0.00040856466512195766,0.0,1.5523421097896062e-05,0.0,0.0,0.0,0.0002250535908387974,1.9016600845134235e-06,0.0004717728588730097,0.0003093699924647808,0.00028839465812779963,1.171221629192587e-05,0.0,0.0,3.6938497942173854e-05,0.0,0.00022549547429662198,0.0001960038352990523,0.0,0.0002659057208802551,0.00021689357527066022,0.00013720641436520964,0.0,0.0,0.0,0.0010920031927525997,0.0,0.0,0.0,0.0,0.0,0.0015860829735174775,0.002407361753284931,0.001653851941227913,0.0016038226895034313,0.0006762028788216412,0.0022296165116131306,0.009998995810747147,0.002043674001470208,0.0014219422591850162,0.0016015552682802081,0.0012022248702123761,0.03935471922159195,0.006137857213616371,0.0031145287211984396,0.0022521144710481167,0.002372581046074629,0.0012438639532774687
admission_source_id_te,0.0001451503485441208,0.0012565933866426349,0.001140969805419445,0.0013995151966810226,0.00547617394477129,0.0014752914430573583,0.0030204071663320065,0.002721690107136965,0.002861098386347294,0.004417966585606337,0.002697155112400651,0.0036434477660804987,0.00072024657856673,3.527600347297266e-05,0.0009645423851907253,0.0,2.0218689314788207e-05,0.0,0.0,0.0,0.0003200559294782579,2.9786637242068537e-05,0.000614651944488287,0.000484426534967497,0.0004513559688348323,1.1350632121320814e-05,0.0,0.0,0.0001511358714196831,0.0,0.0006618577754124999,0.00039651483530178666,0.0,0.00016263507131952792,0.00046366872265934944,8.714200521353632e-05,0.0,0.0,0.0,0.0009364107390865684,2.4043486064329045e-06,0.0,0.0,0.0,0.0,0.0023302710615098476,0.004429806489497423,0.002967903856188059,0.004188451915979385,0.002326721092686057,0.0025543412193655968,0.0060316650196909904,0.0036466927267611027,0.002815418876707554,0.002345259767025709,0.003027799306437373,0.0061378562822937965,0.09072650969028473,0.003994508180767298,0.006229643244296312,0.0032045200932770967,0.001166891073808074
admission_type_id_te,0.00014572199143003672,0.0015374738723039627,0.002491680206730962,0.001534665352664888,0.004666559398174286,0.0008254021522589028,0.0020298389717936516,0.0014091279590502381,0.002654819516465068,0.002833340084180236,0.0035461573861539364,0.004158599767833948,0.0008496753871440887,3.3416748919989914e-05,0.0005400835070759058,0.0,6.442743324441835e-05,0.0,8.060557661337953e-07,0.0,0.0006316935759969056,5.4154206736711785e-05,0.000698496529366821,0.0004704907478298992,0.0005760605563409626,0.0001136253631557338,0.0,0.0,0.0001389608660247177,0.0,0.0008404268301092088,0.00015704878023825586,0.0,0.0001517176569905132,0.0007564324187114835,0.0007103289826773107,0.0,0.0,0.0,0.002103840932250023,1.0677339332687552e-06,0.0,0.0,0.0,0.0,0.0017011547461152077,0.0027434059884399176,0.0025891370605677366,0.0021913107484579086,0.0022822548635303974,0.0016250628978013992,0.005154814105480909,0.0019863585475832224,0.0031754435040056705,0.0028701969422399998,0.0015064801555126905,0.0031145287211984396,0.003994508180767298,0.08693098276853561,0.003461765591055155,0.0034214286133646965,0.00052150699775666
discharge_disposition_id_te,0.0003128850366920233,0.001491496223025024,0.0010619962122291327,0.0014081144472584128,0.00523737259209156,0.0006030527292750776,0.0015635761665180326,0.0016295089153572917,0.002233922714367509,0.004711058456450701,0.004438880365341902,0.0033768436405807734,0.0013524291571229696,1.3865052324035787e-06,0.0005869161686860025,0.0,5.3042869694763795e-05,0.0,1.546248427075625e-06,0.0,0.0002799283538479358,1.3442346471492783e-06,0.0011509998003020883,0.0005684411735273898,0.0004766730417031795,2.4633764041936956e-06,0.0,0.0,9.450202196603641e-05,0.0,0.0009612197754904628,0.00017851300071924925,0.0,0.00038291295641101897,0.0002722312055993825,0.0,0.0,0.0,0.0,0.002160386648029089,1.1610451110755093e-05,0.0,0.0,0.0,0.0,0.0016289509367197752,0.003105192445218563,0.003995761275291443,0.00232822191901505,0.001358300563879311,0.0014102470595389605,0.006379122380167246,0.0015860741259530187,0.0027433005161583424,0.0015871324576437473,0.0015106300124898553,0.0022521140053868294,0.006229644175618887,0.003461765591055155,0.09434593468904495,0.0032786019146442413,0.0008889194577932358
payer_code,0.0014603773597627878,0.0009552583796903491,0.004486199468374252,0.0008613893296569586,0.0037051138933748007,0.0013393167173489928,0.0015616304008290172,0.0038274857215583324,0.007292790338397026,0.003062887815758586,0.0030398729722946882,0.0024226231034845114,0.0016225974541157484,7.802709296811372e-05,0.00029568071477115154,0.0,9.553170457365923e-06,0.0,8.10487222224765e-07,0.0,0.0006834730156697333,6.138044454928604e-07,0.0028104481752961874,0.00060702592600137,0.0008274855790659785,4.479439667193219e-05,0.0,0.0,0.00010213267523795366,0.0,0.0006933823460713029,0.0004016739840153605,0.0,0.0001334644912276417,0.00031869483063928783,0.0,0.0,0.0,0.0,0.003546753665432334,1.9752811567741446e-05,0.0,0.0,0.0,0.0,0.0016002177726477385,0.0027107258792966604,0.001924326759763062,0.003454244928434491,0.0034774718806147575,0.002556463237851858,0.005242975428700447,0.005296503659337759,0.007574391085654497,0.0030188290402293205,0.0033849827013909817,0.002372581046074629,0.0032045203261077404,0.003421428380534053,0.0032786030787974596,0.065526083111763,0.0020589439664036036
weight,1.992121360672172e-05,0.00025178780197165906,7.326649210881442e-05,0.00013636727817356586,0.000339376536430791,8.364609675481915e-05,0.00013007149391341954,0.00030773639446124434,0.00023349981347564608,0.00022282493591774255,0.00021804752759635448,0.00036162097239866853,7.64676951803267e-05,7.879658369347453e-06,0.00014727268717251718,0.0,7.2090065259544645e-06,0.0,0.0,0.0,0.00029146953602321446,1.8861575199480285e-06,0.00011419624934205785,6.853213562862948e-05,0.00046209801803343,7.863677637942601e-06,0.0,0.0,2.7990874514216557e-05,0.0,3.597980321501382e-05,1.907603109430056e-05,0.0,3.0293644158518873e-05,0.00011571705545065925,2.0346740711829625e-05,0.0,0.0,0.0,0.00022542328224517405,1.5192468936220394e-06,0.0,0.0,0.0,0.0,0.00015068460197653621,0.0005047074519097805,0.0002676167350728065,0.0009584655635990202,0.00037041629548184574,0.0005819047219119966,0.0021935817785561085,0.0005156990955583751,0.00046474579721689224,0.00044833411811850965,0.0002633269177749753,0.0012438648846000433,0.0011668920051306486,0.00052150699775666,0.0008889198070392013,0.0020589453633874655,0.030342889949679375
